,0,1,2,3,4,5,6,7,8,9,10,11,12,13,14,15,16,17,18,19,20,21,22,23,24,25,26,27,28,29,30,31,32,33,34,35,36,37,38,39,40,41,42,43,44,45,46,47,48,49,50,51,52,53,54,55,56,57,58,59,60,61,62,63,64,65,66,67,68,69,70,71,72,73,74,75,76,77,78,79,80,81,82,83,84,85,86,87,88,89,90,91,92,93,94,95
0,-4.4729304,-2.1929212,-2.7535331,-0.588139,-3.7424798,-1.082651,-2.688918,-2.254801,-3.9824872,-1.3785657,-5.4681897,-1.5485893,-7.192572,-1.7385705,-6.12579,-3.2602482,-1.1499387,-2.6079986,-0.84287214,59.904472,-1.1999011,36.01838,47.18322,1.754374,12.6660385,-1.7574013,40.006638,-0.555525,19.960901,-0.27939937,-3.691099,8.94389,-2.656039,-0.40606457,-4.9406557,-2.672705,-3.6291053,-1.4716097,-2.5706573,-6.9154496,-5.540083,-3.6395893,-3.4933255,-0.53305686,-1.2016693,-6.9744477,-0.8530353,-2.3724563,-5.684085,-2.600194,-8.44392,-5.218743,-7.239821,-4.562657,-3.5891316,-3.209643,-8.414142,-2.4496467,-3.6299977,-4.5019298,-7.5850754,-2.4203286,-3.4128804,-5.3048315,-1.2915372,8.246434,-0.09291922,19.167807,47.157322,58.45629,53.805645,61.18669,48.158516,38.94844,65.83725,4.1741405,30.521801,-4.4676714,8.003423,16.635998,-1.3737198,-1.0559117,-5.395481,-3.1300254,-3.715779,-2.63047,-2.500919,-1.8688672,-3.859781,-2.2092183,-2.1929479,-4.3061166,-5.5969386,-1.4356,-5.2661915,-5.6923046
1,-5.5719666,-2.7236905,-3.2454503,-0.69387054,-4.3992286,-1.357534,-3.30683,-2.6867013,-4.670907,-1.7115906,-6.7319703,-1.9507908,-8.623445,-2.0814931,-7.344045,-3.815829,-1.2632306,-2.9599884,-0.93905145,74.83613,-1.2714494,44.055084,60.33741,7.081694,15.143224,-1.9958638,47.82539,-0.5848076,23.876802,-0.23713195,-4.3133235,7.7795334,-3.3425958,-0.6612912,-5.776653,-3.3953588,-4.2956996,-1.792055,-3.1371255,-8.196585,-6.822796,-4.38285,-4.215158,-0.59503555,-1.546882,-8.442149,-1.0774999,-2.9886796,-6.918763,-2.9824126,-10.416615,-6.343753,-8.4763,-5.2881703,-4.266031,-3.9108944,-9.915163,-2.9080603,-4.477031,-5.4956613,-9.14073,-2.9611201,-4.066377,-6.521582,-1.5692724,3.2372217,-0.11625186,23.314976,58.99926,74.38592,65.03824,71.24022,59.204277,45.000687,79.74023,4.7939315,35.083935,-5.37742,11.591962,21.193066,-1.6496603,-1.0945787,-6.594088,-3.6450813,-4.635658,-3.1489112,-3.1254697,-2.31801,-4.8088565,-2.6011443,-2.5984538,-5.279879,-6.740722,-1.9225258,-6.517091,-6.955743
2,-5.727363,-2.8383458,-3.4196243,-0.8081085,-4.680423,-1.4020962,-3.4493275,-2.8263357,-4.906129,-1.8626198,-6.966882,-2.0841892,-8.819053,-2.290798,-7.5951333,-3.872361,-1.3065022,-3.0251272,-1.0332073,77.65177,-1.2874956,45.325542,61.294987,6.7202964,16.16075,-2.1305513,50.576077,-0.65339124,24.940416,-0.16129197,-4.4610295,7.805828,-3.4802768,-0.7297594,-5.964528,-3.5496285,-4.4669437,-1.840716,-3.2485929,-8.531799,-7.0976295,-4.596206,-4.503722,-0.66442204,-1.6271772,-8.762664,-1.0965284,-3.0398898,-7.1232696,-3.117852,-10.613517,-6.516252,-8.592459,-5.590028,-4.3749356,-3.9886193,-10.175093,-3.0190957,-4.6531386,-5.713222,-9.392062,-3.0568202,-4.130544,-6.737091,-1.6769146,3.4835672,-0.13301389,25.110802,60.72859,76.41072,67.22023,74.631744,62.14159,47.23076,82.78107,5.7492576,36.67256,-5.5120997,13.268819,22.751839,-1.8886131,-1.1109422,-6.8834643,-3.8378243,-4.6832705,-3.293305,-3.29939,-2.4200993,-4.994733,-2.6949842,-2.653032,-5.5004807,-6.923144,-2.0806806,-6.794768,-7.272354
3,-6.3101826,-3.2578537,-3.5269334,-1.2646551,-5.399765,-1.6505684,-3.353885,-3.1097162,-5.3568673,-2.503992,-7.5704827,-2.479898,-8.598395,-3.0988317,-7.6664505,-3.534971,-1.4954672,-2.5266528,-1.2516427,82.588356,-1.0109295,46.747425,62.15489,8.975461,15.6142645,-2.3144155,57.308693,-0.61492395,24.012274,7.5137277,-4.444217,3.6735232,-3.6622703,-1.2420236,-6.178966,-4.153561,-4.1605315,-2.1285918,-3.4406536,-8.595932,-7.6126494,-4.905757,-5.2248425,-1.0509398,-2.0597272,-9.318484,-1.3390883,-3.2774034,-6.9887285,-3.2425544,-10.721328,-6.428891,-7.6400414,-5.8335924,-4.1302104,-3.907231,-9.801661,-3.2391613,-5.0815697,-6.204866,-9.313827,-3.164389,-3.791969,-7.069514,-2.1792421,-0.36253324,-0.25788698,33.101208,62.482986,77.31577,66.27691,79.910934,68.86061,49.57941,84.41638,14.857916,41.607304,-5.5651174,18.77007,22.967968,-2.544296,-0.900886,-7.416696,-3.9472797,-4.6688585,-3.5507038,-4.0656877,-2.7175603,-5.644738,-2.8079822,-2.3158038,-5.755897,-6.9144073,-2.7162101,-7.429784,-7.862865
4,-6.2778077,-3.3448784,-3.3099046,-1.4605889,-5.692676,-1.7317218,-3.0659783,-3.0436552,-5.1441646,-2.9582424,-7.6745987,-2.6199625,-7.8929176,-3.3578935,-7.5656595,-3.2439377,-1.308896,-1.8812116,-0.9387685,80.078255,-0.40539962,45.10588,58.069233,17.386913,17.520077,-2.1694899,58.352615,-0.7815025,16.708609,19.099257,-4.1293793,-0.03515395,-3.7995956,-1.9127734,-5.855749,-4.66085,-3.8844967,-2.4098408,-3.2634842,-7.976951,-7.6503596,-4.850328,-5.428678,-1.2221336,-2.0762942,-8.885391,-1.6092056,-3.368679,-6.4201393,-3.06145,-10.219978,-5.85199,-6.2224665,-5.317274,-3.6027462,-3.4697423,-8.904655,-3.0471063,-5.0986495,-6.1011643,-8.603463,-3.073465,-3.4601696,-6.587242,-2.2846696,-0.7021278,0.45587224,38.655296,58.333855,72.605034,59.72014,73.93269,74.99272,47.672646,81.30448,19.207735,43.744324,-5.0684156,24.969128,22.247797,-2.9254417,-0.48271275,-7.515275,-3.6280346,-4.4104714,-3.421109,-4.386807,-2.8542225,-6.0936937,-2.7215037,-2.0772393,-5.5169816,-6.448611,-3.320451,-7.550782,-8.103476
5,-6.9433494,-4.2328277,-3.9027765,-3.490336,-8.048181,-1.6618664,-2.9013617,-2.4777045,-5.445886,-4.6827593,-9.542754,-2.8782523,-5.4896216,-6.04169,-8.281268,-3.0239978,-0.16202262,0.2719658,19.704699,57.02072,16.743486,35.950516,51.054504,50.611305,26.650446,-0.7747266,57.96064,-1.4546418,-0.029251728,70.548645,-3.995964,-0.32178077,-5.387662,-4.8910604,-5.140704,-6.5432143,-3.645918,-3.519596,-3.0718277,-6.86328,-7.948401,-4.467586,-5.8853545,-1.978981,-3.2127576,-9.530507,-2.474692,-3.3246086,-4.669161,-2.6077118,-8.568291,-3.3323102,-1.5149689,-4.8948383,-2.3812761,-2.06563,-7.014705,-1.7881234,-5.307108,-5.615819,-6.106544,-3.2724686,-1.4588189,-4.253933,-2.9143105,-0.8251109,27.439198,50.092915,73.12423,48.643524,39.376446,55.07261,97.51501,52.452816,66.09669,45.48485,53.992706,-4.089733,44.262318,34.6933,-4.382671,18.282663,-7.988321,-2.7332485,-3.4568138,-2.5085132,-5.8563323,-2.8346398,-9.165043,-2.4945495,-1.9035233,-4.8250957,-5.722949,-5.2291207,-7.912122,-10.424777
6,-5.8703294,-3.719558,-3.5126576,-3.092796,-6.9973664,-1.3694149,-2.5474563,-2.4078724,-4.6446185,-3.9875696,-8.180407,-2.5641227,-4.9974294,-5.12338,-7.0583763,-2.740867,-0.051685072,1.8783578,17.11589,52.370235,12.863977,33.15693,40.417923,44.89942,24.812378,-0.8160952,51.318565,-1.1416694,1.5833329,62.45593,-3.5122192,-0.36807328,-4.546566,-4.1248827,-4.5694385,-5.888114,-3.2373807,-3.0665946,-2.6116188,-6.2218075,-7.1959968,-4.0998683,-5.312572,-1.5667797,-2.6888053,-8.209639,-2.0496988,-2.8339896,-4.244974,-2.3039217,-7.3989854,-2.8931234,-1.5234383,-4.227465,-2.1327682,-1.6898111,-6.200668,-1.6024455,-4.5652556,-4.8914557,-5.7145405,-2.8092024,-1.4408618,-3.958154,-2.5790896,-0.6867023,21.449913,41.80895,59.44645,44.662235,37.388847,47.588737,82.87337,45.014862,61.61675,38.76219,44.01618,-3.662,35.32964,32.135555,-3.904904,13.609594,-6.9685035,-2.4389293,-3.0514412,-2.3704555,-5.19302,-2.3921442,-7.7495003,-2.400996,-1.7659773,-4.314344,-5.1201224,-4.2992625,-7.0145335,-8.829125
7,-7.205201,-4.265701,-3.953858,-3.2404873,-8.078385,-1.7790794,-3.025006,-2.881522,-5.7195697,-4.706912,-9.761599,-3.1597686,-6.330011,-5.779445,-8.683488,-3.1101758,-0.5098939,-0.25370485,10.274424,65.97111,13.627413,40.9617,54.61127,47.29941,26.57922,-1.3339468,60.627293,-1.44261,1.5534428,65.415665,-4.2323217,-0.33159962,-5.4015656,-4.6014,-5.6049895,-6.696026,-3.8242428,-3.4668484,-3.1942577,-7.5732737,-8.448563,-4.9837666,-6.266776,-1.9620804,-3.0902197,-9.886663,-2.6059449,-3.6672275,-5.1794415,-2.8911054,-9.554239,-4.11895,-2.4505732,-5.246336,-2.6987126,-2.6156313,-7.767788,-2.2176592,-5.7184196,-6.18448,-7.0607657,-3.422979,-1.9823292,-5.0379004,-3.0793169,-0.85871315,23.072884,54.221,71.385216,55.91477,44.136333,60.90375,101.04611,55.25347,76.98857,43.14039,55.549393,-4.635633,42.899754,33.90964,-4.551925,12.056879,-8.405923,-3.2259514,-3.8323228,-3.0547733,-5.9519587,-3.0480506,-9.031104,-2.6654503,-2.0310562,-5.4031734,-6.305512,-5.158174,-8.379833,-10.566785
8,-5.1059594,-2.5396006,-3.1011999,-0.7227525,-4.1934543,-1.2524656,-3.0884564,-2.5427377,-4.455471,-1.5898217,-6.262711,-1.8320601,-8.093329,-1.9417359,-6.9301453,-3.5674875,-1.1929482,-2.76837,-0.9520518,68.41878,-1.2412033,40.805664,55.14803,5.5446615,14.475745,-1.9321934,44.92554,-0.61033547,23.898796,-0.22234094,-4.060977,8.774925,-3.0677536,-0.606327,-5.4805884,-3.1631656,-4.0612636,-1.6885111,-2.8768146,-7.755269,-6.4119897,-4.136964,-3.9667866,-0.5706774,-1.3736774,-7.90582,-0.9425742,-2.7701097,-6.4629974,-2.8387783,-9.572301,-5.9097614,-7.9220366,-5.0828643,-3.9827702,-3.5950494,-9.333219,-2.7377949,-4.091846,-5.114258,-8.548654,-2.7317905,-3.7643669,-6.0085006,-1.4643197,5.5596037,-0.15669566,21.46817,54.08544,68.27511,60.57816,66.18924,54.78069,42.79327,74.764,4.6648574,32.98194,-5.042177,9.9006815,20.35263,-1.6056232,-1.0926378,-6.13084,-3.4541967,-4.2292037,-2.9922493,-2.9091442,-2.1553926,-4.437085,-2.4547536,-2.4461935,-4.9119296,-6.2778783,-1.7445616,-6.022398,-6.5318923
9,-5.919455,-3.378109,-3.1853483,-2.3043678,-6.419655,-1.4801773,-2.5338633,-2.637521,-4.6856627,-3.6872177,-7.955696,-2.618018,-5.971143,-4.262309,-7.1427126,-2.6895335,-0.79555684,-0.5113399,-0.034456346,61.585068,8.023008,37.393993,45.369026,33.289513,21.64038,-1.6009104,53.524727,-1.0547601,4.53617,45.707096,-3.541802,-0.3053649,-4.143318,-3.1706855,-5.023845,-5.3038516,-3.2709107,-2.8260732,-2.7525067,-6.738544,-7.2270675,-4.3972607,-5.3105307,-1.4989346,-2.3325613,-8.181663,-1.9350576,-3.157935,-4.7222753,-2.6599708,-8.442591,-3.9973302,-3.0871446,-4.46328,-2.5126574,-2.4602764,-6.972978,-2.2279956,-4.7926326,-5.399405,-6.6448703,-2.80006,-2.115369,-4.8970323,-2.5354264,-0.74924535,12.9688425,44.133804,55.808502,53.789265,41.86377,55.866253,82.70743,45.18219,72.047005,31.544416,47.234226,-4.086065,31.493744,24.578636,-3.649906,3.879237,-6.9902625,-2.9941084,-3.4808946,-2.8241947,-4.7717366,-2.6405647,-6.958799,-2.333285,-1.7015688,-4.70778,-5.4964695,-3.9717996,-7.0913987,-8.500284
10,-6.154976,-3.3615243,-3.2401714,-1.9419962,-6.1300707,-1.606869,-2.7053611,-2.820929,-4.9051085,-3.5081124,-7.9081163,-2.680713,-6.813099,-3.901765,-7.431666,-3.0039299,-1.1710808,-1.1569597,-0.5371646,70.19035,2.6242774,40.117043,51.067886,25.235512,17.907375,-1.9721953,59.186794,-1.0426577,9.793361,35.127705,-3.9017713,-0.21345654,-3.9948316,-2.613017,-5.538645,-5.0476546,-3.5878258,-2.782934,-3.0111408,-7.250236,-7.556485,-4.5653152,-5.449259,-1.4609623,-2.1252344,-8.542588,-1.7534612,-3.359607,-5.5519614,-2.9320078,-9.180181,-4.8360076,-4.5097847,-4.930029,-2.9979432,-2.9475281,-7.930885,-2.6335394,-4.9183836,-5.7664895,-7.5628967,-2.8766546,-2.7414134,-5.703063,-2.5146997,-0.76926273,7.111901,43.534332,54.07559,61.41853,49.05879,64.69716,79.05128,47.730595,78.21506,26.61817,47.889618,-4.528538,28.39233,20.215652,-3.4912565,-0.07518699,-7.2605147,-3.3737755,-3.8463802,-3.1528175,-4.732039,-2.9014833,-6.5879707,-2.5710783,-1.8119401,-5.033693,-5.9953175,-3.6606712,-7.47047,-8.446671
11,-7.6433153,-4.5682693,-4.3269944,-3.7311513,-8.663825,-1.8250941,-3.1660397,-2.6025994,-5.96944,-5.093446,-10.441604,-3.106856,-5.9694457,-6.429719,-9.110467,-3.2541733,-0.19684432,1.4825095,20.311354,62.397766,17.204218,39.009155,57.739048,56.855057,30.508509,-0.9035532,62.65786,-1.564254,-0.050511032,76.81652,-4.2851024,-0.36572084,-5.8460526,-5.315978,-5.554736,-7.1288056,-3.9729106,-3.9085844,-3.2604961,-7.420288,-8.618712,-4.858494,-6.354382,-2.0969536,-3.5869699,-10.339505,-2.707852,-3.7237568,-5.11974,-2.7882912,-9.480479,-3.7088163,-1.6194794,-5.34576,-2.493621,-2.2369814,-7.5438194,-2.0372236,-5.753668,-6.034897,-6.7331796,-3.518336,-1.584749,-4.548614,-3.1992617,-0.96294034,29.42305,55.713516,80.66555,54.06715,44.23706,57.67392,107.88152,58.42473,73.27751,50.283775,57.916275,-4.466535,48.01575,37.039604,-4.8100886,19.775625,-8.705442,-3.023395,-3.776238,-2.7773154,-6.309009,-3.1025028,-9.992282,-2.595114,-2.056648,-5.2941594,-6.267075,-5.7021956,-8.596186,-11.396606
12,-6.2183166,-3.252364,-3.2767103,-1.4674107,-5.619919,-1.7439301,-3.102313,-3.0731952,-5.115719,-2.8248901,-7.551803,-2.520649,-8.020488,-3.3266919,-7.5085726,-3.218889,-1.3445624,-2.0125215,-1.0686908,78.35694,-0.567369,46.68789,58.126457,13.940122,14.450957,-2.2004373,57.585785,-0.6858245,19.141756,14.587854,-4.192892,-0.025843803,-3.7049859,-1.7517821,-5.915708,-4.491672,-3.8389325,-2.2889574,-3.3439033,-8.072316,-7.5880256,-4.8522825,-5.3464336,-1.2041752,-2.0393553,-8.9656725,-1.5310234,-3.3217263,-6.4530444,-3.134411,-10.247615,-5.979634,-6.599739,-5.4649525,-3.6814046,-3.6347375,-9.087208,-3.0224748,-5.085338,-6.144981,-8.702842,-3.1637414,-3.4597385,-6.707528,-2.2091892,-0.6593813,-0.10795599,35.66358,58.37996,73.12887,59.655987,76.639206,70.38757,46.597496,82.495094,18.559156,43.350628,-5.199236,22.883602,22.382004,-2.7791533,-0.6047221,-7.3463326,-3.6603203,-4.472896,-3.4993913,-4.2904015,-2.8147895,-5.800409,-2.6892123,-2.129342,-5.5514483,-6.4624705,-3.1237862,-7.453571,-7.944664
13,-6.7376094,-3.6955059,-3.4506721,-2.0134704,-6.5975947,-1.9094537,-3.136082,-3.3040485,-5.4043345,-3.6530252,-8.5227,-2.9597378,-7.883616,-4.114858,-8.236103,-3.2453034,-1.2197406,-1.4958117,-0.84502,80.387794,-0.04578694,48.293396,58.00755,24.452835,17.26972,-2.2798307,64.43713,-1.068827,13.762221,32.8754,-4.278148,-0.24051876,-4.2334065,-2.6712878,-6.2844396,-5.5161934,-4.015001,-2.8484533,-3.3363004,-8.170318,-8.374657,-5.179537,-6.0950923,-1.5267662,-2.2256763,-9.489032,-1.9628868,-3.7031922,-6.30351,-3.295384,-10.477824,-5.760793,-5.5725803,-5.5293,-3.47804,-3.5199914,-9.0619335,-3.0051374,-5.5236897,-6.5187097,-8.635968,-3.2970269,-3.325072,-6.635547,-2.663204,-0.85827047,5.0410886,45.27903,58.681625,71.23412,56.303093,75.70994,83.30946,49.404907,88.58427,26.379171,50.60425,-5.2161193,29.978195,23.393217,-3.566792,-0.26842603,-8.0925865,-3.7664647,-4.3796425,-3.6826007,-5.0978065,-3.2658212,-6.842843,-2.913988,-2.1199353,-5.7500753,-6.642963,-4.019014,-8.230781,-9.0832815
14,-6.0108356,-3.3957238,-3.1085892,-2.2914424,-6.474098,-1.5890471,-2.6450622,-2.8018985,-4.7765183,-3.752442,-8.06275,-2.71693,-6.304048,-4.2123923,-7.36799,-2.5751722,-0.8642575,-0.58832073,-0.29909554,62.863094,8.186232,39.48935,47.779446,30.982,18.013578,-1.7311678,55.743702,-1.1431521,6.1534033,42.985867,-3.7012577,-0.31268808,-4.158281,-3.2120786,-5.3693905,-5.4272485,-3.2430089,-2.8327107,-2.8204582,-6.88145,-7.479749,-4.524755,-5.490991,-1.576342,-2.220764,-8.445792,-2.0800588,-3.252552,-4.8139997,-2.7970817,-8.888103,-4.3352437,-3.4808793,-4.608312,-2.6176593,-2.8050776,-7.351051,-2.2998445,-5.0596523,-5.657603,-6.934112,-2.9798703,-2.3036392,-5.13112,-2.5469825,-0.77382845,11.834216,44.088913,54.948418,56.063454,41.798515,60.427635,82.18624,44.85417,77.17368,30.069052,48.519245,-4.3293223,32.018166,24.9987,-3.659924,0.8102414,-7.147438,-3.0927043,-3.6440187,-3.0813699,-4.93284,-2.7999876,-6.834546,-2.4296606,-1.7580227,-4.9194727,-5.7132363,-4.0139766,-7.3402896,-8.613108
15,-4.63988,-3.0072618,-2.8652713,-2.540017,-5.450002,-0.92401266,-1.8412203,-1.7493403,-3.4660385,-3.1559153,-6.1912584,-1.8391176,-3.4110677,-3.9965408,-5.3456016,-2.2432363,0.70445585,1.2778453,20.712173,38.34077,10.386381,21.806097,32.30031,32.59861,19.624403,-0.4997234,39.733177,-0.9964591,1.5780743,49.37399,-2.8323188,-0.19379787,-3.421964,-3.378619,-3.3745983,-4.4071574,-2.4191036,-2.484389,-2.1992009,-4.6742043,-5.5409603,-3.0442712,-3.9946587,-1.2544876,-2.0447614,-6.303098,-1.40649,-2.1379335,-3.2765877,-1.8727229,-5.136839,-1.8926163,-0.86040586,-3.3064516,-1.5516593,-0.9425233,-4.6817594,-1.1106511,-3.3391902,-3.5233886,-4.0559845,-1.9795341,-1.051361,-2.9546056,-1.9403002,-0.39372572,18.728468,28.61199,46.427197,29.643124,27.442976,35.043884,59.809837,32.164597,40.536682,34.526134,34.059097,-2.6287916,27.349014,22.650509,-3.0534678,15.207919,-5.0872,-1.7293545,-2.2346413,-1.3590049,-3.9515324,-1.7430321,-6.0541577,-1.7059405,-1.4123828,-3.0450072,-3.8328748,-3.2104394,-5.1674385,-6.9082437
16,-3.7904766,-2.0047224,-2.3222072,-0.6619046,-3.2322266,-0.86934036,-2.2359664,-1.9648409,-3.2546787,-1.394678,-4.6738257,-1.4497004,-5.6856766,-1.6854289,-4.8297024,-2.5036545,-0.90849173,-1.8517294,-0.66326374,53.2819,-0.7104336,30.491129,37.660862,5.3165007,12.59262,-1.4521189,33.784554,-0.36182135,15.925635,1.6654332,-2.8586595,5.216915,-2.2798615,-0.5908628,-3.9753072,-2.4515903,-2.9293776,-1.2760395,-2.090856,-5.606252,-4.83651,-3.0409672,-3.1203804,-0.506612,-1.1493529,-5.7962813,-0.7992319,-1.8945879,-4.5807686,-2.1092765,-6.7957873,-4.090154,-5.388716,-3.5164115,-2.783954,-2.437511,-6.533189,-2.0132072,-3.1117055,-3.7551534,-6.017825,-1.8666846,-2.6966503,-4.499708,-1.3011883,2.688161,-0.019319883,17.556423,39.59517,50.667263,43.433884,51.028755,43.05489,31.174736,52.872402,6.515241,24.544899,-3.4989095,10.596494,15.253555,-1.5265131,-0.7225204,-4.6273923,-2.4558837,-2.9737217,-2.264201,-2.381261,-1.6492065,-3.4619038,-1.9174124,-1.6817015,-3.5919454,-4.530199,-1.4696254,-4.6517577,-4.877413
17,-5.7606435,-2.8866515,-2.9974027,-1.260219,-4.942937,-1.5581868,-2.665642,-2.5029285,-4.5325103,-2.3662574,-6.805837,-2.4213684,-7.04215,-3.0277162,-6.9248185,-2.9415917,-1.0703479,-1.7714375,-0.861841,72.75353,-0.44262734,40.33816,52.110973,19.451427,16.229856,-1.7722867,50.31482,-0.76954013,11.099162,18.478836,-3.7074292,0.20058078,-3.4852505,-1.782717,-5.1174383,-4.1989427,-3.6237354,-2.1228259,-2.683589,-6.942388,-6.6775665,-4.235456,-4.9326105,-1.0997801,-1.9964966,-7.7371073,-1.4490674,-3.023006,-6.0392118,-2.6732652,-9.017694,-5.214678,-5.418665,-4.733765,-3.137059,-2.9688528,-7.8296695,-2.8032625,-4.542723,-5.5323596,-7.6439576,-3.0036094,-2.9963338,-5.7628517,-1.9999933,-0.79887,-0.0756435,33.94255,50.598824,62.497135,52.98411,63.888077,67.5163,42.40196,74.69156,14.587118,38.08807,-4.3507643,23.530396,18.289757,-2.5062685,-0.29786178,-6.832086,-3.2030103,-3.9114563,-3.105471,-3.810067,-2.7095497,-5.5263333,-2.3456242,-1.7356371,-4.8589416,-5.7407084,-3.0207853,-6.7690578,-7.18366
18,-5.139013,-2.7826881,-2.7238767,-1.2918857,-4.846619,-1.5122048,-2.6110408,-2.7262816,-4.3264556,-2.4157193,-6.341347,-2.1433454,-6.699801,-2.9208524,-6.332467,-2.706775,-1.0756453,-1.69844,-0.87593156,66.848915,-0.43156996,39.15396,46.45794,9.967605,11.383147,-1.8757387,49.67141,-0.5900047,17.171469,14.197279,-3.5635593,-0.052686304,-3.058392,-1.4918935,-5.07062,-3.794738,-3.242452,-1.8594105,-2.8181324,-6.7783294,-6.43465,-4.0782423,-4.5915346,-1.0580176,-1.649855,-7.555576,-1.3500332,-2.6497848,-5.2111754,-2.7131343,-8.605521,-4.9768896,-5.589985,-4.6105323,-3.200115,-3.0804203,-7.73912,-2.5076282,-4.313365,-5.155619,-7.2453065,-2.6298807,-2.9864824,-5.655544,-1.9174254,-0.38839754,1.3567083,30.746792,47.888294,59.812904,49.126614,66.21229,59.637856,39.28255,68.08906,15.555563,37.2398,-4.3676696,19.630287,18.713387,-2.3671365,-0.62866133,-6.2171144,-3.1305988,-3.6928747,-2.9722054,-3.6107814,-2.3899267,-4.815022,-2.3309963,-1.8660682,-4.6941442,-5.3980618,-2.6591241,-6.2507586,-6.7205377
19,-5.344964,-2.6546817,-3.2010648,-0.61015123,-4.478006,-1.3730177,-3.2309525,-2.7401028,-4.7849135,-1.7630047,-6.587289,-1.8793595,-8.532657,-2.1225266,-7.3551407,-3.7923608,-1.3651856,-2.9398043,-1.0358392,70.8701,-1.3810604,42.743595,56.663727,2.662385,14.468152,-2.1290915,50.26738,-0.630387,24.47983,-0.26420507,-4.36805,7.699196,-3.2040048,-0.6017236,-5.830133,-3.2976422,-4.226337,-1.7314463,-3.095526,-8.210736,-6.6650963,-4.327855,-4.1431274,-0.639867,-1.4256456,-8.282008,-0.9975158,-2.8991048,-6.6656203,-3.073296,-10.223036,-6.271648,-8.560729,-5.4344196,-4.277105,-3.8964813,-9.978925,-2.89015,-4.3647184,-5.298922,-9.026768,-2.842781,-4.0607123,-6.3228016,-1.5146288,8.250045,-0.07357589,23.722681,56.778984,71.19113,63.86357,72.308975,58.230297,45.745853,78.88713,5.572244,36.313965,-5.4171195,9.784257,20.25387,-1.6419367,-1.2304615,-6.4467225,-3.7343655,-4.483278,-3.182857,-3.0443466,-2.2389495,-4.601167,-2.5561714,-2.6298852,-5.195859,-6.6396966,-1.7622515,-6.2955074,-6.818851
20,-6.5916314,-3.857582,-3.56976,-2.8672228,-7.3507495,-1.647604,-2.8196256,-2.8428545,-5.196028,-4.3036094,-8.8940115,-2.9009693,-6.054519,-5.1306357,-8.002208,-2.812492,-0.5739973,-0.2540008,5.3213406,62.49818,11.854414,39.121902,49.8469,40.693123,23.118687,-1.4843043,56.80212,-1.2402415,3.7811954,56.89115,-3.9143627,-0.28409576,-4.739531,-4.0835814,-5.3722243,-6.1230383,-3.431004,-3.1864052,-2.9255135,-7.0834575,-7.9141335,-4.68855,-5.8381386,-1.7639561,-2.68061,-9.13778,-2.2735696,-3.4458177,-4.9065266,-2.799811,-8.958743,-3.9279072,-2.672392,-4.8262024,-2.525417,-2.5357015,-7.4338617,-2.1362004,-5.3469644,-5.7382298,-6.800496,-3.1277702,-2.0347135,-4.9188,-2.7778199,-0.8106093,18.750381,48.841663,63.19501,53.21689,41.151638,58.106396,90.20304,49.627148,74.93036,38.080368,51.374985,-4.432054,37.817715,31.07302,-4.139905,7.6146355,-7.7091026,-2.9958375,-3.6059177,-2.9566543,-5.500378,-2.8183515,-8.042456,-2.5207033,-1.8983157,-5.075115,-5.925658,-4.5784836,-7.772065,-9.59198
21,-5.927215,-3.5278223,-3.3668613,-2.3234987,-6.491388,-1.5388101,-2.648501,-2.824625,-4.769709,-3.780173,-8.034152,-2.7711725,-6.2587466,-4.3005447,-7.2625937,-2.7498019,-0.82737255,-0.6705147,-0.1571312,63.72145,6.166476,38.48155,45.48448,30.939735,20.836277,-1.6589816,57.496876,-1.1690215,6.812026,46.098713,-3.815823,-0.3508837,-4.259891,-3.1352556,-5.342568,-5.399673,-3.469361,-2.8300166,-2.8576334,-7.0596223,-7.5851245,-4.5390673,-5.5707064,-1.5453271,-2.2680275,-8.421677,-1.9929618,-3.1232424,-4.954971,-2.7947803,-8.6361685,-4.28011,-3.4541237,-4.731913,-2.7181072,-2.5761542,-7.373797,-2.2886794,-4.919437,-5.566217,-7.0159035,-2.8656263,-2.384529,-5.1433005,-2.6329553,-0.59632343,12.357358,44.34375,55.103054,55.545414,43.311863,59.579666,82.635025,46.414024,76.886604,30.878942,48.89723,-4.2725654,31.596714,23.877674,-3.780935,0.6865389,-7.1681924,-3.206,-3.6036916,-3.0873594,-4.907845,-2.7945926,-6.801803,-2.4814575,-1.8358225,-4.915975,-5.6978207,-3.9449413,-7.427289,-8.6534815
22,-7.697929,-4.5184073,-4.219394,-3.486997,-8.716857,-1.927743,-3.1333938,-3.0598705,-6.098192,-5.0162687,-10.475258,-3.2946804,-6.7338104,-6.251682,-9.219115,-3.5053258,-0.5475503,-0.3288819,14.454496,71.98545,15.105444,42.747284,57.03003,50.04688,29.539484,-1.3510221,64.25029,-1.4799815,-0.0066240863,70.88336,-4.5834637,-0.3405448,-5.703318,-4.9117513,-5.971307,-7.1504908,-4.092346,-3.732807,-3.4382012,-8.044759,-8.960849,-5.1983833,-6.6772585,-2.1034825,-3.3343327,-10.529562,-2.7010508,-3.815532,-5.51041,-3.1566217,-10.176198,-4.173803,-2.61923,-5.5733056,-2.906793,-2.703972,-8.278104,-2.3823397,-6.0934796,-6.535367,-7.4516788,-3.5942338,-2.1572933,-5.3953557,-3.2773907,-0.93725777,25.772617,58.796993,75.825134,57.6823,46.849514,65.28005,108.57622,58.896797,80.23194,45.360115,59.69947,-4.834664,45.38313,35.769577,-4.827678,13.38338,-8.980725,-3.4306283,-4.083353,-3.0458534,-6.415882,-3.1901274,-9.773301,-2.8949273,-2.169378,-5.631843,-6.725166,-5.426973,-8.874794,-11.208056
23,-6.076958,-3.694748,-3.611871,-3.2482784,-6.643562,-1.3070437,-2.0677493,-1.769458,-4.228637,-3.6430779,-7.7830462,-2.0896316,-3.816108,-5.131974,-6.7958794,-2.6697738,6.7199855,6.153433,30.578308,44.60819,13.5763035,26.51187,40.83474,49.463856,27.703983,-0.26603153,46.30139,-1.189083,-0.13540703,66.36777,-3.2154195,-0.08849773,-4.175119,-4.4377475,-4.1711917,-5.5001593,-3.0844505,-3.2265077,-2.5757146,-5.2787356,-6.4963694,-3.5809038,-4.695667,-1.5450726,-3.028443,-7.515903,-1.7221979,-2.5827928,-3.9955246,-1.9447405,-6.3024874,-2.003228,-0.42503434,-3.9658284,-1.747703,-0.89632714,-5.2220564,-1.2528833,-4.0213385,-4.374453,-4.6303477,-2.507361,-0.85867494,-2.9999352,-2.2844217,-0.8289303,25.767548,36.620354,60.967297,35.064888,32.071438,40.550564,81.182884,38.0574,45.612633,46.98339,41.999363,-2.8595276,38.652527,27.365736,-3.6119404,22.942472,-6.2130103,-1.8428715,-2.6779892,-1.5738853,-4.7323585,-2.193854,-8.071327,-1.8974326,-1.4271905,-3.4661534,-4.4232397,-4.3043847,-6.2163587,-8.80507
24,-5.862923,-3.1175919,-3.2403152,-1.286517,-5.187474,-1.5530099,-2.9050205,-2.8322983,-4.9084992,-2.4312146,-7.0340495,-2.4378355,-7.622262,-3.0455816,-7.014282,-3.1649146,-1.2801445,-2.0985587,-1.0327591,75.92474,-0.74459165,43.24076,55.13688,10.501798,15.257939,-2.0139492,54.180794,-0.66579694,19.899061,12.092279,-4.036895,2.8554728,-3.4291272,-1.3835222,-5.604305,-4.0145526,-3.8284955,-2.063726,-3.1417232,-7.7596984,-7.086765,-4.580015,-4.963551,-1.0787356,-1.982089,-8.432387,-1.3477167,-2.984138,-6.2488866,-2.9123352,-9.614662,-5.734355,-6.3810782,-5.3038244,-3.6291897,-3.3418586,-8.625731,-2.9802475,-4.6779547,-5.8112855,-8.300523,-2.9255383,-3.3148134,-6.339747,-2.1129267,-0.48832765,-0.16735038,33.72959,55.091805,68.908195,58.51812,71.45858,66.94646,45.715893,76.42206,14.917227,40.695557,-4.848998,20.678997,19.836657,-2.5346563,-0.6602776,-6.9803033,-3.5696137,-4.1887727,-3.230337,-3.8354115,-2.6156573,-5.4014697,-2.5901349,-2.033063,-5.2077584,-6.0980854,-2.8345509,-6.9082522,-7.3690734
25,-5.4957976,-2.6941772,-3.2675717,-0.7343408,-4.527691,-1.4214792,-3.333418,-2.7314618,-4.7871156,-1.7594872,-6.7808366,-1.9821209,-8.645159,-2.1663349,-7.33286,-3.7593331,-1.3016833,-2.9419575,-1.0173726,74.28259,-1.2865722,42.944366,59.58395,5.5318184,14.585891,-2.0090892,48.586025,-0.57619375,23.068201,-0.2917983,-4.3041716,9.475037,-3.3128262,-0.6824559,-5.8454065,-3.407246,-4.249017,-1.7428526,-3.0960102,-8.188667,-6.835495,-4.385196,-4.261999,-0.63649577,-1.5549607,-8.518413,-1.1061991,-2.8591151,-6.825064,-3.016591,-10.435737,-6.352176,-8.479528,-5.3731337,-4.2672,-3.939764,-9.888418,-2.9225492,-4.4424906,-5.5135818,-9.137069,-2.960907,-4.03828,-6.470778,-1.5568359,4.356015,-0.11320158,23.63414,60.135536,73.68926,64.13015,73.851074,58.997112,46.24048,79.46552,4.8275123,35.726482,-5.4098377,11.082166,21.70365,-1.6739769,-1.1869847,-6.621766,-3.7023118,-4.5896544,-3.2150147,-3.181502,-2.29217,-4.7615604,-2.625728,-2.5476484,-5.285816,-6.7458024,-1.939515,-6.551458,-6.9410486
26,-6.76035,-4.35175,-4.1138263,-3.8846943,-7.814837,-1.5194355,-2.4772575,-1.797293,-4.811174,-4.3176994,-8.916327,-2.3884604,-4.1161537,-6.001977,-7.809912,-2.8808513,11.463551,9.517089,39.81282,45.313057,18.79603,30.558174,49.9717,55.879593,32.82689,-0.05256173,50.999977,-1.6075903,-0.014273508,76.49517,-3.4982357,-0.17170848,-4.9357967,-5.370395,-4.552586,-6.3518553,-3.5033112,-3.670287,-3.2012372,-6.0176687,-7.3572817,-4.1086326,-5.3053045,-1.7919015,-3.450777,-8.794959,-2.1398466,-2.9605918,-4.206247,-2.0609777,-7.088861,-2.2409017,0.27876815,-4.8230762,-1.8954912,-1.0170594,-5.7006288,-1.229175,-4.5694346,-5.078424,-5.0849442,-2.9362254,-0.8974485,-3.1348176,-2.4808543,-0.8758381,32.091137,39.92714,74.66096,41.304276,37.311718,47.07777,95.03742,43.0466,53.102524,58.746273,52.45614,-3.1881185,50.001873,33.164764,-4.1265306,29.46068,-6.9125533,-2.1194704,-2.923647,-1.4990779,-5.40974,-2.5716193,-9.182999,-2.0445457,-1.6801695,-3.8611228,-4.6427727,-5.330973,-6.9715204,-10.392229
27,-6.804975,-4.2596087,-3.9832923,-3.412722,-7.999656,-1.6223236,-2.8917034,-2.5271184,-5.3579135,-4.7483544,-9.478297,-2.853791,-5.4119153,-5.9136057,-8.154959,-3.026252,-0.1904856,2.0750759,20.713675,56.260597,16.243471,35.32275,50.15163,50.10369,27.054089,-0.86473507,59.11657,-1.4100984,-0.021121081,69.50999,-3.9968724,-0.43481836,-5.3290553,-4.860106,-5.0274935,-6.5294375,-3.5653207,-3.5396087,-3.1073709,-6.865192,-7.9823203,-4.521056,-5.8509088,-1.8869209,-3.1647341,-9.432732,-2.432057,-3.2992227,-4.632696,-2.6450536,-8.520721,-3.28608,-1.5214957,-4.8323135,-2.3502417,-2.0373237,-6.9448943,-1.7823273,-5.23648,-5.436826,-6.2302785,-3.1754327,-1.5114541,-4.266414,-2.9113262,-0.8279295,26.46284,49.570786,73.16252,48.8904,40.813675,54.793423,95.5918,52.883175,66.59812,47.40809,52.676846,-4.155906,42.040977,34.15252,-4.4413295,18.823185,-7.881106,-2.7566092,-3.4483502,-2.5036602,-5.9037333,-2.7861497,-8.995742,-2.4633098,-1.9605772,-4.8683376,-5.833179,-5.0731597,-7.9175987,-10.296917
28,-6.162178,-3.3938706,-3.1225762,-2.1438718,-6.34242,-1.6658925,-2.7276437,-2.8717422,-4.8898125,-3.5979977,-8.067467,-2.7649457,-6.711656,-4.110641,-7.553033,-2.795154,-0.94883406,-0.9319956,-0.46741086,68.60639,5.805468,40.47148,50.792507,28.776077,16.974634,-1.8463725,57.833565,-1.1074615,8.25711,39.6161,-3.8147373,-0.26364908,-4.106745,-2.93377,-5.6019797,-5.356029,-3.4580472,-2.7852352,-2.905732,-7.138185,-7.5951705,-4.5596347,-5.5401683,-1.5463532,-2.2135932,-8.555433,-2.000322,-3.368508,-5.243856,-2.9213808,-9.319549,-4.6958942,-4.1335917,-4.826303,-2.8546064,-2.992585,-7.7757087,-2.5045328,-5.134561,-5.844479,-7.3572817,-3.0000293,-2.634357,-5.536933,-2.5430083,-0.8519495,10.2155485,43.41132,54.08028,59.82516,45.537006,64.18308,81.63671,45.199284,79.556366,27.440027,48.44431,-4.48295,30.788017,23.17474,-3.5045526,-0.061126556,-7.306517,-3.298982,-3.8227367,-3.19076,-4.8587837,-2.9164345,-6.7348113,-2.58983,-1.7903677,-5.024178,-5.859917,-3.9457192,-7.4876237,-8.569193
29,-5.0178847,-2.5620964,-3.035532,-0.69504815,-4.2340784,-1.2346572,-2.9750752,-2.6224673,-4.461018,-1.7603616,-6.1433854,-1.7743908,-7.790086,-2.0788095,-6.737378,-3.4855976,-1.2567805,-2.6652582,-0.94315654,67.95332,-1.2116793,40.072865,52.095257,2.9171553,14.807329,-1.9897264,46.362335,-0.59744066,23.858688,-0.110234156,-3.987894,6.844219,-2.9712152,-0.6074092,-5.416239,-3.1123302,-3.874296,-1.6595252,-2.9145038,-7.6315703,-6.280975,-4.07274,-3.9629705,-0.62185806,-1.4048876,-7.769077,-0.9335496,-2.6508815,-6.161453,-2.8531787,-9.331531,-5.7137914,-7.6910853,-4.9873805,-3.8952153,-3.5121675,-9.105955,-2.7109854,-4.0893917,-4.9528813,-8.301535,-2.5836186,-3.6949146,-5.9740844,-1.5573213,6.4065313,-0.058832612,23.527014,52.41327,65.78216,59.90844,67.33132,54.94697,42.555595,72.20303,7.9060874,33.30444,-4.9745984,10.383912,19.8155,-1.6892102,-1.086736,-6.035123,-3.4557798,-4.0709343,-2.9133031,-2.9232686,-2.105953,-4.39558,-2.4428027,-2.3811069,-4.84294,-6.107431,-1.7232062,-5.879951,-6.410053
30,-6.265096,-3.4527376,-3.2337167,-1.755093,-6.1821675,-1.8255755,-3.001029,-3.1285617,-5.0787582,-3.370049,-7.9808884,-2.7407424,-7.5660243,-3.8510048,-7.649237,-3.0721452,-1.2076857,-1.5645854,-0.8650842,77.01156,-0.16355409,46.026695,55.104008,19.473969,14.550916,-2.1182234,60.82015,-0.96274006,13.140925,26.752243,-4.132757,-0.24443102,-3.9460454,-2.3402493,-5.8754344,-5.017978,-3.8915703,-2.5226932,-3.2652948,-7.76572,-7.8080072,-4.897406,-5.6865635,-1.4202489,-2.0475142,-8.989197,-1.8853025,-3.3086114,-5.884347,-3.1735544,-10.075235,-5.6272526,-5.594292,-5.3066683,-3.4647305,-3.4690092,-8.651855,-2.8729112,-5.2532096,-6.1198745,-8.219713,-3.1696854,-3.2750309,-6.3621335,-2.464881,-0.74359053,3.9281404,41.962772,57.144585,68.474,54.257607,75.08874,77.38037,46.4069,83.53081,22.438963,47.569096,-4.9531994,27.583294,21.089249,-3.278003,-0.34803218,-7.6353645,-3.6503599,-4.2343745,-3.5069292,-4.695021,-3.0382898,-6.251924,-2.707988,-2.0611567,-5.486304,-6.3295126,-3.7280731,-7.711126,-8.463523
31,-6.6874247,-3.7183816,-3.5551858,-2.1865084,-6.8134646,-1.829408,-2.9849746,-3.1902583,-5.414987,-3.919944,-8.746638,-3.0193272,-7.454719,-4.38234,-8.04854,-3.290741,-1.2349591,-1.2135118,-0.4989012,77.09693,4.43809,44.321735,55.86838,28.139242,19.677568,-2.0263357,63.800827,-1.1341634,9.507693,39.641,-4.227902,-0.21624212,-4.500889,-2.922182,-6.0493436,-5.60626,-3.9565141,-2.9201071,-3.3595998,-8.05667,-8.2876005,-5.0506916,-6.023545,-1.6057667,-2.4064364,-9.367915,-2.035708,-3.5808427,-5.9160686,-3.18879,-10.198069,-5.321438,-4.847418,-5.385684,-3.3272748,-3.215768,-8.55414,-2.8234577,-5.448055,-6.3202453,-8.252803,-3.1468956,-3.0858057,-6.2394323,-2.791232,-0.8303222,9.511994,48.980827,59.198902,67.3864,53.353878,71.43444,88.65422,50.907047,85.71686,29.630766,52.960453,-4.9079466,31.216137,23.291643,-3.8225381,-0.12315058,-7.960777,-3.7801328,-4.240485,-3.4258072,-5.2187543,-3.1542833,-7.2438636,-2.8670409,-1.9964339,-5.49957,-6.4511156,-4.1870303,-8.181486,-9.227354
32,-5.755601,-3.0374148,-3.2846935,-1.126857,-5.053125,-1.5577348,-3.1754599,-2.9845006,-4.900842,-2.2979639,-6.9649096,-2.3242378,-8.009625,-2.9144773,-7.1817985,-3.2774963,-1.2458973,-2.3387008,-1.1079243,78.62921,-0.9349372,44.638065,55.14377,8.465295,15.400504,-2.1764574,54.76151,-0.5840005,22.963055,8.454786,-4.1286745,3.054764,-3.4044945,-1.2014362,-5.7534723,-3.8803952,-3.9949727,-1.9059365,-3.1360786,-8.046424,-7.2272906,-4.615902,-4.9441123,-0.9205025,-1.8353443,-8.527278,-1.2377559,-2.9751801,-6.487845,-3.0452788,-9.925673,-5.959448,-7.1724358,-5.334419,-3.8613453,-3.540902,-9.196662,-2.9861817,-4.720728,-5.717804,-8.623641,-2.932512,-3.6601949,-6.5870967,-2.028848,-0.23129173,-0.14909746,30.715742,56.93205,72.19163,60.663475,74.6464,64.59141,44.931374,78.42656,12.472918,38.464222,-5.115722,19.116753,22.07982,-2.4090984,-0.89817965,-7.0342255,-3.615755,-4.3315334,-3.3788426,-3.7094216,-2.6092908,-5.1652255,-2.6788952,-2.256,-5.389926,-6.3647695,-2.5464811,-6.9609294,-7.3040996
33,-6.6852717,-3.9495606,-3.6890943,-3.0051131,-7.5348315,-1.5583453,-2.6990569,-2.6308753,-5.2325454,-4.366508,-9.077676,-2.8629673,-5.810089,-5.3109584,-8.029292,-3.0074155,-0.53101456,-0.26714402,10.975473,60.854908,11.476595,36.912655,50.987244,41.691025,24.681398,-1.281797,56.6518,-1.3328494,1.9174298,59.352947,-4.0041385,-0.3535822,-4.8544273,-4.200533,-5.19013,-6.1376567,-3.5257142,-3.3688982,-3.00693,-6.9774003,-7.8136644,-4.571073,-5.759409,-1.8273354,-2.8288035,-9.239561,-2.2685304,-3.3695009,-4.8893757,-2.8232307,-8.76421,-3.7180176,-2.3316627,-4.9217772,-2.520858,-2.3600302,-7.261113,-2.112556,-5.2091093,-5.6599174,-6.601014,-3.1398082,-1.7871608,-4.755805,-2.8329911,-0.8286564,19.991604,50.344078,66.80302,50.662872,42.066254,55.63364,92.26432,53.310028,71.46859,40.744896,52.775833,-4.302978,38.323864,30.141415,-4.212774,10.963014,-7.691691,-2.9634721,-3.523974,-2.6763604,-5.49522,-2.765826,-8.333278,-2.4001913,-1.8782762,-4.9361973,-5.8948727,-4.6228724,-7.7016234,-9.802185
34,-5.941875,-2.994109,-3.589567,-0.83394545,-4.958782,-1.4776226,-3.4946516,-3.0801678,-5.276427,-1.9806302,-7.2778764,-2.1613638,-9.249927,-2.4641445,-7.932809,-4.09835,-1.4944506,-3.1644857,-1.1413201,81.79438,-1.4139222,46.263237,63.39608,4.2865295,17.470278,-2.2686908,52.798855,-0.66259855,25.288874,-0.16078576,-4.688585,9.932495,-3.5259068,-0.73330015,-6.358562,-3.6784036,-4.611004,-1.8823576,-3.328352,-8.954566,-7.381293,-4.7283387,-4.7112083,-0.73927766,-1.7123384,-9.202899,-1.217263,-3.1325433,-7.287278,-3.3609893,-11.156497,-6.778184,-9.09801,-5.9027,-4.6492877,-4.2234154,-10.767347,-3.207224,-4.918199,-5.886631,-9.797629,-3.1364222,-4.4006114,-7.032959,-1.8296934,6.323781,-0.118043534,27.289528,62.47862,78.044106,70.5207,80.39186,64.7251,50.93769,85.18153,7.385778,40.138542,-5.84799,13.131536,22.350542,-1.9022356,-1.338353,-7.168415,-4.1039386,-4.8481326,-3.4649541,-3.4825737,-2.4814887,-5.248396,-2.8891265,-2.7359986,-5.6823897,-7.2833743,-2.0969784,-7.043831,-7.4864078
35,-4.9751644,-2.7367923,-2.779804,-1.2487491,-4.5190916,-1.251899,-2.3889816,-2.4297314,-4.1009793,-2.198558,-6.027744,-2.106701,-6.3487535,-2.6657581,-5.874007,-2.6946182,-1.1131632,-1.6553116,-0.7966857,64.192535,-0.5150957,36.61671,45.696533,11.1424,12.827746,-1.6605577,45.00775,-0.6061784,14.097653,13.828922,-3.421183,1.126669,-2.9465785,-1.3139306,-4.7446465,-3.5557263,-3.2718842,-1.862579,-2.6238236,-6.534843,-5.997615,-3.876541,-4.2672687,-0.96811694,-1.6535215,-7.1058273,-1.2509845,-2.5314703,-5.153951,-2.5316455,-7.959977,-4.7208414,-5.1041555,-4.4382696,-2.9428546,-2.7311084,-7.1615486,-2.4643204,-3.9997852,-4.877289,-6.8715415,-2.4549341,-2.740682,-5.2787495,-1.8977423,-0.43970448,-0.08575036,29.872759,44.763927,56.304703,47.693817,59.76323,57.744137,38.025726,64.14632,15.4114,35.261726,-4.008581,18.37173,15.468952,-2.3197865,-0.45828333,-5.9044495,-3.0121713,-3.4603698,-2.7257187,-3.41046,-2.2246363,-4.7082305,-2.1963468,-1.7061812,-4.3351917,-5.1372395,-2.509297,-5.914493,-6.362344
36,-5.9448266,-3.671705,-3.4505794,-3.0402956,-6.8345656,-1.3473972,-2.4229782,-2.289633,-4.535867,-3.8345864,-8.0015335,-2.445482,-4.526993,-5.146686,-6.9850197,-2.7242675,-0.05198462,-0.010987863,20.744598,50.769737,13.743872,29.745861,41.61996,41.97078,23.273575,-0.7288116,51.53624,-1.1527895,1.9370316,61.771763,-3.4042325,-0.1697194,-4.4153748,-4.1404967,-4.4544787,-5.5207243,-2.9745727,-3.0258958,-2.6584706,-5.854545,-6.9426703,-3.8555877,-5.0205245,-1.6073475,-2.7294123,-8.01437,-1.8919735,-2.7626822,-4.1602225,-2.2847836,-7.032779,-2.573901,-1.2887685,-4.085906,-2.076726,-1.5429752,-6.0194044,-1.5140207,-4.3935733,-4.7111335,-5.218965,-2.6365173,-1.2928983,-3.769966,-2.4619164,-0.6514588,23.92423,40.78657,59.62676,39.645992,33.980427,45.152424,79.84112,43.42198,53.377895,40.03923,44.148766,-3.473714,34.057217,29.61668,-3.6770222,14.669147,-6.714803,-2.27666,-2.8572621,-1.9892504,-4.9566855,-2.3254938,-7.7273784,-2.2280397,-1.7044853,-4.019793,-4.938143,-4.2176843,-6.6457567,-8.756592
37,-4.95843,-2.5237362,-2.7774293,-1.0125406,-4.1978717,-1.1748065,-2.633531,-2.4520276,-4.1523805,-1.8763123,-5.922809,-1.7963542,-6.939411,-2.3542058,-6.1921525,-3.0269947,-1.156736,-2.2799263,-0.90877116,66.42492,-0.8677883,36.236664,47.927067,4.7246423,13.309161,-1.9105715,43.14264,-0.4782145,20.21789,3.6572306,-3.659649,3.7080405,-2.764659,-0.82424444,-4.93992,-3.1394932,-3.4796407,-1.6745958,-2.7151718,-6.8179626,-5.947444,-3.734792,-4.0717325,-0.8127888,-1.5075246,-7.403731,-0.99668497,-2.4729795,-5.5945506,-2.7146258,-8.504987,-5.024045,-6.550817,-4.607713,-3.4215221,-3.1881423,-8.175877,-2.5463989,-4.090508,-4.8448486,-7.49507,-2.5297468,-3.2363927,-5.70202,-1.7282234,-0.12033725,-0.08443069,23.814571,48.149513,59.39087,53.90327,64.752625,52.82787,39.40439,67.05993,9.827324,32.42404,-4.374351,14.246686,17.95977,-1.9053398,-0.8534442,-5.789909,-3.149059,-3.709131,-2.7031388,-3.0625143,-2.1160257,-4.4294057,-2.3001926,-1.9583682,-4.505279,-5.6155868,-1.9059845,-5.730071,-6.1420827
38,-5.258361,-2.677148,-3.1615078,-0.8019642,-4.355518,-1.2901006,-3.0919116,-2.6410177,-4.5039783,-1.7111485,-6.413625,-1.9322656,-8.054882,-2.1742852,-6.974923,-3.5165193,-1.1026903,-2.719744,-0.9589862,72.46325,-1.1484537,41.233013,54.701736,6.7718396,15.078179,-1.9226904,46.9386,-0.59566456,22.876741,-0.030214204,-4.081197,7.1662483,-3.1240482,-0.68591076,-5.502605,-3.3238506,-4.104052,-1.7277508,-2.9142702,-7.7811456,-6.572048,-4.181581,-4.2044315,-0.6113041,-1.4837002,-8.014718,-1.0347469,-2.7498186,-6.4416823,-2.92591,-9.688637,-5.864104,-7.784458,-5.0857205,-3.9502888,-3.565696,-9.249578,-2.786394,-4.304528,-5.2215915,-8.5531645,-2.7852685,-3.7945058,-6.174796,-1.6673183,2.816102,-0.116268985,23.928331,54.63084,69.00913,60.802948,68.62809,58.269238,42.675262,74.78535,5.732965,34.15464,-4.9684997,13.194043,21.185581,-1.7812359,-1.0309429,-6.4016337,-3.4937532,-4.2592316,-3.0184555,-3.0800886,-2.225893,-4.634813,-2.5338895,-2.4117467,-5.040938,-6.272186,-1.9141546,-6.2422767,-6.6443667
39,-6.4397173,-3.3900764,-3.4142194,-1.4966134,-5.827847,-1.8150295,-3.217439,-3.17249,-5.32248,-2.9377677,-7.838703,-2.657404,-8.268786,-3.4655957,-7.7696395,-3.3034189,-1.351359,-2.065533,-1.1143373,81.359764,-0.5707105,47.57376,60.260395,13.987734,15.13318,-2.2495525,60.17337,-0.7198271,19.460966,15.367125,-4.3348374,-0.009304992,-3.840918,-1.8463084,-6.095631,-4.6524253,-3.9975164,-2.3446672,-3.4471967,-8.321755,-7.8782196,-5.0056205,-5.5351787,-1.2411274,-2.1198153,-9.245955,-1.6072239,-3.3698692,-6.6491647,-3.2014687,-10.619897,-6.1927066,-6.786945,-5.649796,-3.811794,-3.7484815,-9.352641,-3.143961,-5.245485,-6.3555584,-8.988838,-3.249459,-3.593547,-6.8927865,-2.3071387,-0.6857383,-0.10143405,37.64516,60.67693,75.27532,61.388912,78.58813,73.35147,48.227844,84.83786,18.536451,44.94226,-5.3267303,23.747547,22.542414,-2.87444,-0.6459498,-7.6462517,-3.798395,-4.615893,-3.6073952,-4.434049,-2.9207034,-6.002213,-2.781368,-2.1815143,-5.740916,-6.685312,-3.2671993,-7.7102675,-8.213893
40,-7.2224793,-4.513421,-4.1756587,-4.0169516,-8.359128,-1.7488807,-2.8209906,-2.1900043,-5.4143786,-4.7656083,-9.7359295,-2.7481802,-4.8969254,-6.382915,-8.540623,-3.1122463,5.9836383,4.6803703,33.00389,51.90468,19.053896,35.106354,53.631695,58.044106,32.291096,-0.3679736,55.763985,-1.6546134,-0.105629794,79.74298,-3.9379978,-0.28574333,-5.497833,-5.4842477,-5.134565,-6.7975044,-3.6935174,-3.8529568,-3.2817667,-6.725837,-7.940938,-4.3615255,-5.9516,-2.0159414,-3.6173508,-9.741876,-2.4083402,-3.310637,-4.6873217,-2.4290195,-8.139323,-2.845605,-0.64858484,-5.155968,-2.1569426,-1.4920821,-6.6333556,-1.4908807,-5.2242737,-5.678661,-5.7592607,-3.2685125,-1.139034,-3.74215,-2.7720637,-0.9714425,31.742607,47.321995,80.560616,45.28632,40.132935,52.10953,102.30603,50.424004,61.909138,55.93513,56.303757,-3.7245362,51.29598,36.561306,-4.4468045,26.240868,-7.8162613,-2.4418788,-3.2917511,-2.0231655,-5.9511876,-2.9000928,-9.796351,-2.3206117,-1.8235525,-4.528465,-5.380216,-5.676021,-7.818985,-11.11204
41,-6.6144013,-3.8961015,-3.6215463,-3.1289794,-7.413672,-1.5622419,-2.7203004,-2.4815,-5.091276,-4.2863836,-8.918521,-2.7121325,-5.4775343,-5.4671774,-7.91392,-2.7792985,-0.2697307,-0.042491827,12.6222,57.268272,14.144674,35.77395,49.622128,46.141735,24.046675,-1.0117493,54.345592,-1.2970542,0.5182026,62.90463,-3.7863362,-0.27368212,-4.8875337,-4.421117,-5.0249057,-6.161614,-3.4059281,-3.3359032,-2.8054042,-6.5922303,-7.600755,-4.354213,-5.557675,-1.7810043,-2.8627794,-8.98569,-2.3227155,-3.2972367,-4.5976925,-2.5769925,-8.393897,-3.4144788,-1.8435198,-4.5865536,-2.2488818,-2.1370695,-6.851388,-1.9010584,-5.096975,-5.409134,-6.0709605,-3.1220133,-1.5055403,-4.287887,-2.7646616,-0.8224598,22.610806,47.91558,66.18115,47.88877,36.87638,52.367283,90.697014,49.71647,67.02029,40.94091,50.17031,-4.0726304,39.920803,32.014706,-4.1064887,13.638191,-7.568044,-2.6625967,-3.3895612,-2.5944643,-5.450044,-2.6923065,-8.423798,-2.3721437,-1.8168911,-4.7230334,-5.586884,-4.734397,-7.49192,-9.726421
42,-6.088922,-3.9335682,-3.7415066,-3.4717038,-6.977581,-1.2131681,-2.1167548,-1.7673641,-4.4688635,-3.9186685,-7.9128456,-2.3083494,-3.8082962,-5.325488,-6.9575496,-2.803916,7.9473605,4.7516003,34.233833,41.709076,13.484797,25.977974,43.838985,47.533657,26.477436,-0.15118244,48.503815,-1.4395791,0.86201173,67.74479,-3.510175,-0.24151564,-4.445765,-4.6707854,-4.0831747,-5.6194577,-3.2045658,-3.2668152,-2.8610075,-5.576603,-6.718265,-3.6476772,-4.90894,-1.7102112,-2.9458013,-7.8623557,-1.8901037,-2.6088893,-3.9089577,-2.0317981,-6.334028,-2.0891159,-0.35347325,-4.523344,-1.898672,-0.93437546,-5.385733,-1.1065389,-4.195982,-4.5568705,-4.6904416,-2.5929182,-1.0546836,-3.1050472,-2.3802433,-0.6163158,28.58947,36.631893,61.870564,35.495167,34.655342,41.485165,82.19029,38.861023,46.587017,48.709602,45.629868,-2.9793527,42.58598,27.976534,-3.8548553,25.92133,-6.2738986,-2.1039026,-2.673354,-1.3771309,-4.9367285,-2.262224,-8.171052,-1.8807354,-1.6396601,-3.5383804,-4.4070096,-4.434754,-6.337548,-9.094499
43,-6.16617,-3.3498383,-3.1699708,-1.6053625,-5.877416,-1.816788,-3.0033772,-3.1255927,-5.09425,-3.1387608,-7.67991,-2.6448872,-7.595474,-3.5601895,-7.5565796,-3.024966,-1.1927876,-1.6585115,-0.9548406,75.866974,-0.305218,46.295322,55.477776,16.44247,14.217521,-2.1664083,59.674953,-0.8736992,17.679186,22.021545,-4.0492206,-0.13699417,-3.7494733,-2.1275842,-5.8713756,-4.7373614,-3.704345,-2.3949947,-3.2396429,-7.777598,-7.665512,-4.8650413,-5.4970984,-1.3168739,-2.0065763,-8.855179,-1.7096157,-3.3118112,-5.9442043,-3.0585248,-10.020076,-5.688787,-5.852229,-5.2938666,-3.4759967,-3.4951386,-8.689924,-2.9030259,-5.0872846,-6.073444,-8.278304,-3.0633652,-3.291373,-6.383689,-2.3314722,-0.662829,2.0692818,39.651005,55.42501,69.15072,55.72428,73.47173,73.97858,45.608585,81.50489,21.022146,45.333076,-5.030296,25.637745,22.329823,-3.0305073,-0.4732382,-7.4437766,-3.578259,-4.2293324,-3.4503706,-4.481258,-2.9173753,-5.9836116,-2.6877623,-2.0807366,-5.454519,-6.236105,-3.459454,-7.4362245,-8.1366625
44,-5.366765,-2.8264444,-3.256911,-0.94623595,-4.7276154,-1.4005258,-3.150367,-2.8883915,-4.8463044,-1.9677109,-6.665105,-2.1404626,-8.158695,-2.5239303,-6.9869447,-3.4962335,-1.3322834,-2.6742675,-1.0679493,76.22722,-1.0984924,41.468033,54.757126,4.734247,15.867433,-2.0574112,49.284412,-0.5820837,22.314333,1.3794138,-4.116148,8.402634,-3.2016366,-0.78818053,-5.7406006,-3.438507,-4.0635715,-1.6746155,-2.9693277,-8.057896,-6.8130646,-4.367105,-4.53418,-0.7898243,-1.653365,-8.377393,-1.217488,-2.734986,-6.380985,-3.0596023,-9.878814,-5.9753485,-7.730598,-5.2955136,-4.082252,-3.6980712,-9.403814,-2.935265,-4.498546,-5.449852,-8.618937,-2.7997327,-3.7906475,-6.3597746,-1.8706564,4.2537775,-0.09761516,26.79916,56.591038,70.639275,61.89823,74.98946,61.41215,46.129055,74.940636,8.481249,37.368988,-5.124024,15.213422,21.338684,-2.016461,-1.1766537,-6.6605377,-3.6686532,-4.246399,-3.237231,-3.3826687,-2.3145568,-4.8849044,-2.7123299,-2.306552,-5.1610346,-6.443944,-2.1306207,-6.5905304,-6.897696
45,-6.22897,-3.162582,-3.560581,-1.0742705,-5.1556425,-1.535326,-3.5070324,-3.0200105,-5.2492332,-2.1714115,-7.5277557,-2.3527212,-9.023609,-2.8112895,-7.855378,-3.7946649,-1.374614,-2.8858116,-1.1458486,83.53644,-1.1509587,47.21902,63.93442,8.991581,16.603054,-2.2423494,55.384624,-0.66140246,25.386068,2.4704974,-4.6088567,6.2189827,-3.7328744,-0.9830033,-6.2368407,-3.961933,-4.579511,-2.0383887,-3.407354,-8.793147,-7.604572,-4.84595,-5.0494337,-0.8906622,-1.9139042,-9.308597,-1.2502159,-3.1823552,-7.287652,-3.3020637,-11.0689,-6.6513515,-8.418235,-5.8435826,-4.435691,-4.087036,-10.3077,-3.2257562,-5.0834856,-6.1547103,-9.660379,-3.2667508,-4.0880904,-7.1236367,-2.0209358,-0.15919767,-0.20432428,29.917492,63.545258,80.316635,69.517746,80.22171,68.73151,50.20321,85.42771,8.421537,40.262016,-5.6433377,18.346825,23.974016,-2.2615898,-1.0654051,-7.492705,-4.002104,-4.8762603,-3.5375211,-3.7599702,-2.646348,-5.5313187,-2.870176,-2.5447762,-5.805597,-7.125113,-2.449532,-7.3759217,-7.744439
46,-6.5515475,-3.7698066,-3.5845106,-2.9886577,-7.072574,-1.5231923,-2.5539503,-2.4550607,-4.8693867,-4.1090016,-8.686564,-2.570236,-5.4154654,-5.2146564,-7.544323,-2.9954705,-0.3464824,-0.110993825,15.716042,59.397255,14.404039,33.563347,46.401608,46.380814,25.396208,-0.9866261,52.9822,-1.1008317,-0.033374082,61.829376,-3.624373,-0.28255063,-4.7046866,-4.208587,-4.8492255,-6.000147,-3.3111005,-3.2844372,-2.7243965,-6.353843,-7.409543,-4.1692395,-5.3177996,-1.6650612,-2.8847303,-8.516597,-2.1701198,-3.1827037,-4.645788,-2.4482663,-8.217865,-3.1657188,-1.86962,-4.2621183,-2.2571785,-1.9885539,-6.5560923,-1.9201654,-4.8492866,-5.1184115,-5.9913,-2.8820274,-1.5987327,-4.2883716,-2.7012234,-0.84814894,22.977524,45.93696,62.606503,46.931328,38.892155,49.652267,87.72833,47.860355,61.62203,40.68605,45.59275,-3.8972268,34.955162,29.614582,-3.914962,13.203866,-7.3046427,-2.6594281,-3.3637116,-2.493531,-5.2876306,-2.5270684,-8.2988615,-2.4292643,-1.7079735,-4.4869094,-5.5418506,-4.3917556,-7.314674,-9.320519
47,-3.543913,-1.8476498,-2.2786102,-0.68858176,-2.9032664,-0.7886555,-2.1166828,-1.8031687,-3.031223,-1.1448243,-4.3228164,-1.3329931,-5.455316,-1.4833014,-4.6500044,-2.4222424,-0.8221617,-1.7713145,-0.61493194,49.891735,-0.76591617,28.173252,36.43112,6.8545504,12.827915,-1.3074169,30.116919,-0.41353402,15.72956,2.6585505,-2.7687442,6.1061077,-2.209967,-0.48232314,-3.788061,-2.2750313,-2.8776875,-1.2664489,-1.87967,-5.3602023,-4.544048,-2.899773,-2.9371393,-0.3800358,-1.0330456,-5.448866,-0.6226604,-1.8547426,-4.55666,-1.9053736,-6.2686915,-3.893144,-5.0826316,-3.398169,-2.6521986,-2.2522144,-6.252439,-1.9006964,-2.8239276,-3.541935,-5.814053,-1.8863068,-2.4694364,-4.159184,-1.1797154,2.458868,-0.12667853,16.5004,36.02398,46.549244,41.53774,44.701496,38.505062,29.97412,51.07112,4.7379622,21.986809,-3.3446815,8.493409,14.025404,-1.3261237,-0.6791341,-4.3203735,-2.3578274,-2.8445768,-2.1186275,-2.1273909,-1.545936,-3.241684,-1.7620229,-1.5750368,-3.3820674,-4.2956214,-1.2845291,-4.34228,-4.5807815
48,-3.7505817,-1.9439543,-2.356104,-0.57714933,-3.1916194,-0.8380278,-2.2951982,-1.9551653,-3.3556335,-1.2759068,-4.630467,-1.328576,-5.9486613,-1.48795,-5.0825167,-2.7618158,-1.0168186,-2.113775,-0.6582886,51.56218,-0.92459345,30.99543,39.361526,1.9920597,12.794116,-1.5458176,34.370903,-0.44388166,19.10887,-0.11445989,-3.0420325,7.086672,-2.2572522,-0.37325934,-4.14614,-2.302143,-3.0252302,-1.2749081,-2.228093,-5.8703933,-4.7851534,-3.1102889,-2.940884,-0.43820763,-1.021987,-5.9272804,-0.7051305,-2.0224059,-4.7693057,-2.1593387,-6.99086,-4.3308344,-5.9239383,-3.8154247,-3.0231597,-2.6580653,-7.034559,-2.013754,-3.0606623,-3.7809544,-6.344281,-1.9049492,-2.8389015,-4.543708,-1.1889372,7.0521593,-0.011038342,16.90334,39.63534,50.503635,45.973457,50.89687,41.42963,33.0328,54.98072,6.165548,25.039968,-3.7867723,6.447442,14.396736,-1.2898043,-0.8575085,-4.5156527,-2.6652496,-3.0737076,-2.1921136,-2.186776,-1.5974983,-3.34062,-1.8984327,-1.870017,-3.6355343,-4.6886315,-1.2546729,-4.4658656,-4.907479
49,-7.005796,-4.398561,-4.0808206,-3.5376909,-8.086517,-1.5886743,-2.8895361,-2.533791,-5.394683,-4.6414666,-9.527046,-2.8989446,-5.3595314,-6.0023165,-8.246276,-3.150007,-0.03159497,1.9905156,23.019274,58.06094,15.235117,35.456238,50.01902,52.32773,28.411062,-0.7970747,59.328598,-1.4652112,1.1939954,73.15906,-4.0079403,-0.2753029,-5.3002467,-4.9742155,-5.1617694,-6.563621,-3.6772125,-3.6044483,-3.013151,-6.895547,-8.092437,-4.5674253,-5.9532733,-1.9061882,-3.3235924,-9.473446,-2.383882,-3.2674778,-4.7470164,-2.588854,-8.380895,-3.1432598,-1.3241961,-4.864809,-2.3481212,-1.7930701,-6.925668,-1.7526258,-5.301185,-5.4975467,-6.097336,-3.1174638,-1.4762505,-4.187664,-2.9111269,-0.76136935,28.572355,48.951397,71.24933,46.81898,40.8526,52.253597,96.59619,51.858517,64.03377,47.52316,52.57281,-4.038411,42.720882,34.737606,-4.4849057,19.008047,-8.015359,-2.7247322,-3.3625703,-2.447862,-5.851837,-2.8132703,-9.291608,-2.5456393,-1.9736668,-4.7862606,-5.7747593,-5.172294,-7.8688974,-10.426284
50,-5.212421,-2.5575416,-3.100394,-0.63238573,-4.280214,-1.3669809,-3.2469964,-2.5762887,-4.534149,-1.5843403,-6.442262,-1.8359545,-8.482742,-1.8804667,-7.15657,-3.7467625,-1.2388148,-2.917943,-0.9102004,70.4363,-1.3179518,41.95955,56.942196,5.2539053,14.030465,-1.9330829,46.043255,-0.58543086,23.85486,-0.35720947,-4.221881,9.273182,-3.1715705,-0.5742825,-5.6639237,-3.2252393,-4.1666636,-1.6881316,-2.9973235,-7.9906206,-6.562135,-4.2556334,-3.9818647,-0.5374075,-1.3852465,-8.158115,-1.0138043,-2.8789797,-6.663376,-2.889423,-10.102799,-6.2055726,-8.414546,-5.1736064,-4.1844454,-3.8295429,-9.728921,-2.7967844,-4.2163687,-5.2769866,-8.912475,-2.8572106,-3.997322,-6.201629,-1.3796982,6.7148943,-0.08783394,21.673424,57.668446,71.48757,62.26085,69.208084,56.0127,43.89959,77.26051,2.9114394,33.922512,-5.2683516,9.285302,21.02975,-1.497444,-1.1808088,-6.3163557,-3.5361352,-4.506775,-3.090156,-2.9247081,-2.2213545,-4.509002,-2.5204456,-2.6025875,-5.0717793,-6.5458484,-1.7555507,-6.2319465,-6.6885867
51,-4.987408,-2.5045762,-3.0515866,-0.6755781,-4.192448,-1.2528933,-3.007632,-2.537915,-4.475325,-1.5889523,-6.136943,-1.8016621,-7.9548807,-1.9596859,-6.822042,-3.5457292,-1.2142937,-2.7524621,-0.963222,66.53403,-1.2905269,40.090218,53.04555,3.6284523,14.01455,-1.928772,45.22338,-0.60437894,23.34778,-0.21129215,-4.05208,8.449104,-2.9865642,-0.5437845,-5.4376173,-3.0813498,-3.9984257,-1.6187403,-2.8697762,-7.7128425,-6.2306256,-4.098747,-3.9118772,-0.57298183,-1.3682489,-7.76658,-0.92597383,-2.6956172,-6.2676654,-2.8089442,-9.426537,-5.8215346,-7.871406,-5.0977483,-3.9493122,-3.5797222,-9.23297,-2.7192903,-4.0247297,-5.0418124,-8.423447,-2.6887949,-3.722905,-5.8775415,-1.4424008,7.2553377,-0.14990336,22.40173,52.46218,66.09777,59.722923,66.655045,54.36845,42.748455,73.59734,5.1660094,33.498425,-4.983728,9.697282,19.476252,-1.5733932,-1.124294,-6.0388856,-3.4737287,-4.132185,-2.9537957,-2.8616989,-2.102584,-4.3273435,-2.4162211,-2.4342227,-4.825045,-6.1816688,-1.6848954,-5.8742304,-6.3660326
52,-6.07631,-3.1173866,-3.483369,-1.0877813,-5.076492,-1.5044078,-3.2516282,-2.8649328,-5.0381417,-2.1739235,-7.338222,-2.3227496,-8.536044,-2.7910662,-7.5338516,-3.6062813,-1.3743,-2.6758916,-1.1062027,81.04509,-1.0688249,43.427486,60.66983,9.553097,16.028267,-2.1588027,54.207527,-0.58942324,22.491945,3.9541762,-4.4122405,4.699745,-3.5134087,-0.9836218,-5.936929,-3.8464913,-4.2940702,-2.0540094,-3.2751637,-8.350182,-7.2874575,-4.6346216,-4.9208,-0.91626894,-1.9200608,-8.976967,-1.2007746,-3.0753841,-6.957744,-3.2446518,-10.542714,-6.2510905,-7.7975283,-5.6457343,-4.147308,-3.8415773,-9.717088,-3.1633506,-4.8816805,-5.9317536,-9.23574,-3.140319,-3.870953,-6.829643,-2.033782,-0.28555542,-0.23083393,30.432539,62.02221,75.169365,65.710556,77.01781,66.32335,48.717125,80.740425,10.2240505,40.198185,-5.3291774,18.243301,20.983353,-2.29777,-0.94099617,-7.2432337,-3.8569646,-4.627582,-3.3576386,-3.707441,-2.5663764,-5.415996,-2.709791,-2.3093188,-5.5743537,-6.8290086,-2.4204924,-7.173501,-7.499637
53,-7.2149324,-4.608395,-4.279714,-4.0510936,-7.9847665,-1.6252104,-2.3724914,-1.5474789,-4.8912635,-4.172541,-9.101952,-2.3078396,-3.927019,-6.4230347,-8.043584,-3.028014,16.120321,13.626199,51.52645,47.820683,20.22877,32.06991,52.040424,61.43561,38.820404,3.850037,52.69776,-1.7763939,-0.16995065,82.29206,-3.459789,-0.00607051,-5.132054,-5.8774867,-4.4443436,-6.655538,-3.7344759,-3.9153378,-3.4562645,-6.010502,-7.421428,-4.0616446,-5.369029,-1.8328861,-3.6177366,-8.824487,-2.158645,-3.024679,-4.4009213,-1.7383322,-7.037343,-1.9974394,10.608353,-4.977281,-1.950503,-0.5035183,-5.568959,-1.122607,-4.3521714,-5.2262917,-5.0461764,-3.0764697,-0.7128343,-2.8649774,-2.4369547,-0.99081343,33.968052,38.94723,77.046326,43.271996,38.142273,45.993206,102.73142,44.51825,50.209713,67.748375,52.04853,-3.0532136,52.610462,31.91781,-4.1512327,34.442066,-6.9995522,-1.982069,-2.9975448,-1.2091792,-5.5009418,-2.5366096,-9.732602,-1.9962023,-1.6664002,-3.7268696,-4.418317,-5.6007037,-7.048978,-10.948535
54,-6.9037485,-4.3365006,-4.0899563,-3.8928826,-7.7037973,-1.4971188,-2.300016,-1.7200463,-4.9901023,-4.1259384,-8.800169,-2.3974752,-4.1022897,-5.9725466,-7.9202585,-2.9404867,11.149479,7.78578,38.52725,47.696556,15.300344,30.79838,50.18249,56.38983,33.28276,-0.098097965,49.621178,-1.6192564,-0.09454494,78.10036,-3.7470837,-0.15299663,-4.9450507,-5.3383474,-4.5266485,-6.3087516,-3.6110966,-3.7618294,-3.054034,-6.0366435,-7.261187,-3.8915749,-5.379631,-1.8338264,-3.4616666,-8.736385,-2.179668,-2.935954,-4.3922467,-2.088424,-7.065497,-2.3732312,-0.13841274,-4.9567776,-1.9901551,-0.9093801,-5.8777328,-1.2488811,-4.52039,-5.224847,-5.0890102,-3.1096838,-0.82902116,-3.1436882,-2.6331673,-0.9611517,30.563002,42.698883,72.6465,40.695133,35.665012,44.683514,97.50743,45.680885,52.710667,55.998478,51.46366,-3.168692,50.52436,30.818386,-4.1570706,28.064962,-6.9804063,-2.0770547,-2.9231913,-1.5974717,-5.406523,-2.6041582,-9.24643,-1.9834923,-1.6789134,-3.8552864,-4.7290897,-5.17637,-7.080852,-10.382297
55,-5.2213907,-3.5342395,-3.3784337,-3.2267392,-6.1513214,-1.057237,-1.789641,-1.3951865,-3.548301,-3.212963,-6.724141,-1.8581971,-3.023216,-4.784625,-5.8144135,-2.4125526,12.7197075,8.076625,39.94754,36.089535,13.26984,21.601028,37.901382,42.443264,25.15228,3.7503285,40.49352,-1.3224987,0.61508447,60.340515,-2.858487,-0.08209657,-3.6979191,-4.31306,-3.4332058,-4.9647045,-2.7868624,-2.8201742,-2.7122912,-4.6577654,-5.8876343,-3.2503076,-4.1440463,-1.4264678,-2.492589,-6.6487274,-1.53556,-2.0970104,-3.3099484,-1.6629126,-4.980378,-1.4692742,3.2916842,-3.8335369,-1.5380889,-0.3926807,-4.3845243,-0.87130547,-3.283133,-3.8305433,-3.8176925,-2.2162948,-0.7812869,-2.504377,-1.8929919,-0.53310436,24.809727,24.83026,55.28195,29.849907,27.65344,37.374493,69.40716,29.160614,36.804977,48.525307,39.824303,-2.337433,38.4986,23.729351,-3.2614408,26.28685,-5.1394258,-1.5464356,-2.2043288,-0.8392566,-4.224178,-1.9072636,-6.9667025,-1.648831,-1.4250897,-2.7315428,-3.5029838,-3.8791451,-5.2668777,-7.9636283
56,-5.7964535,-3.0024352,-3.36083,-1.0868809,-5.0282845,-1.5673981,-3.3728898,-2.9407482,-4.9798784,-2.2913346,-7.151094,-2.2912595,-8.416846,-2.7789688,-7.268098,-3.5135865,-1.3930653,-2.5953948,-1.1201533,80.89174,-0.9653396,45.491505,59.087837,8.832183,16.39118,-2.1191294,52.31486,-0.60943496,21.967783,5.1915116,-4.29156,4.588238,-3.5623147,-1.0817118,-5.9242663,-3.8806188,-4.161527,-1.9072574,-3.2426007,-8.319648,-7.267074,-4.6646957,-4.8923283,-0.8381729,-1.8495659,-8.887231,-1.3467878,-2.988343,-6.724289,-3.112767,-10.351066,-6.2426333,-7.6474,-5.450704,-4.0898585,-3.8121197,-9.502217,-3.0522225,-4.8385444,-5.806997,-8.9843235,-3.006962,-3.7672691,-6.757815,-1.9737332,-0.13744788,-0.18791582,29.668068,61.931755,76.12769,64.76142,77.82089,65.65687,46.866875,81.626465,11.085981,37.927147,-5.3178573,17.77208,23.490042,-2.331216,-0.94135875,-7.0578585,-3.7610784,-4.5520906,-3.4151466,-3.800074,-2.5464704,-5.2924085,-2.7632654,-2.348548,-5.5173655,-6.71286,-2.5040128,-7.1256456,-7.499335
57,-5.4704013,-2.7482293,-3.2193062,-0.737628,-4.5559196,-1.3404005,-3.160417,-2.7883115,-4.809464,-1.8336395,-6.6435647,-1.9652804,-8.370757,-2.295407,-7.2668076,-3.6464887,-1.3050619,-2.8015788,-1.0813711,73.04387,-1.2878644,42.82444,57.02406,3.6153643,15.029671,-2.1153286,50.269672,-0.59509265,24.424498,-0.13354453,-4.2465625,7.8434525,-3.1839943,-0.7345545,-5.7646737,-3.4021008,-4.187852,-1.7425541,-3.0673075,-8.118025,-6.767175,-4.3258166,-4.2833467,-0.7046688,-1.524371,-8.310039,-1.040098,-2.865737,-6.5981264,-3.016696,-10.117816,-6.155635,-8.199756,-5.396236,-4.1825733,-3.8053048,-9.738026,-2.8820217,-4.4515467,-5.3737206,-8.867684,-2.8331525,-3.9855385,-6.3785696,-1.6527115,4.9168024,-0.07992331,24.667164,55.500862,71.23704,62.911476,72.591774,59.404903,45.412304,78.032646,6.738214,36.432808,-5.3005443,12.400186,21.142418,-1.80913,-1.169155,-6.535704,-3.7002964,-4.3975496,-3.1815135,-3.1796787,-2.2883947,-4.7323556,-2.60654,-2.5147498,-5.1931806,-6.5424075,-1.9444774,-6.380944,-6.863622
58,-5.6839447,-2.9722087,-3.0255642,-1.3750633,-5.1433253,-1.5876265,-2.6523962,-2.5749292,-4.5859733,-2.5535684,-6.932711,-2.4596248,-6.9705124,-3.1352277,-6.9094276,-2.9330764,-1.1036038,-1.6660903,-0.79554147,70.41787,-0.35966232,40.788113,51.09684,18.932947,16.309982,-1.8082631,52.766903,-0.8167375,12.198802,20.685236,-3.7403896,0.07464998,-3.522939,-1.8276247,-5.261462,-4.2674184,-3.5643945,-2.2051017,-2.7625904,-7.044235,-6.8317146,-4.3438144,-4.984027,-1.1309117,-1.9538288,-7.872026,-1.4930886,-3.0193155,-5.842139,-2.7154233,-8.97729,-5.1447234,-5.262919,-4.7786355,-3.1458542,-2.9750783,-7.812562,-2.763554,-4.5221415,-5.5713143,-7.6245036,-2.9001627,-2.8951383,-5.7320256,-2.0909874,-0.7178765,-0.012226215,35.860237,50.872364,62.340008,52.05573,64.841194,68.91091,43.702477,74.59431,16.767336,40.530807,-4.401237,23.886364,18.617378,-2.6532645,-0.3151326,-6.8323007,-3.230908,-3.8824685,-3.0999947,-3.9597375,-2.7009783,-5.5800066,-2.4158642,-1.779109,-4.8846107,-5.698717,-3.070597,-6.8421707,-7.319474
59,-6.188343,-3.59068,-3.3586948,-2.6296356,-6.8445787,-1.5630163,-2.6174657,-2.6501732,-4.873702,-3.979792,-8.345103,-2.7300386,-5.822458,-4.7168155,-7.484231,-2.7211647,-0.62541735,-0.32343408,3.8813534,59.54757,11.641287,37.081444,47.323883,37.644016,21.32792,-1.3849684,53.195663,-1.138522,3.0917728,51.41959,-3.6693084,-0.25861254,-4.4121375,-3.71046,-5.0692024,-5.664082,-3.2840226,-2.9697034,-2.8011403,-6.7261696,-7.418196,-4.45676,-5.4610395,-1.6275383,-2.4958818,-8.5522995,-2.1415236,-3.2447014,-4.645058,-2.6653419,-8.516291,-3.8184361,-2.6590345,-4.584545,-2.415754,-2.4455893,-6.967617,-2.0944097,-4.997572,-5.4579635,-6.5012126,-2.9543889,-1.9535259,-4.691212,-2.6353095,-0.7800956,16.468483,46.356594,58.745926,51.15452,39.875774,55.139256,85.21226,46.91552,70.52639,35.359837,48.80893,-4.1453376,34.621674,27.70632,-3.84615,6.5107646,-7.2265105,-2.903615,-3.462275,-2.7718666,-5.134876,-2.6719294,-7.5123725,-2.3752117,-1.7535628,-4.7696505,-5.57948,-4.266956,-7.288531,-9.000163
60,-6.229365,-3.4177747,-3.2475173,-2.0664196,-6.2908416,-1.6974081,-2.7425628,-2.9468076,-4.948282,-3.5553586,-8.010272,-2.7083101,-7.0434074,-3.94636,-7.5914865,-3.083813,-1.1362613,-1.1988002,-0.53622437,72.71133,3.2753928,42.139256,51.463943,25.835941,17.729485,-1.9741427,58.853813,-1.0419488,10.422225,34.559765,-3.9880726,-0.24414349,-3.987127,-2.6310172,-5.7265944,-5.2208652,-3.6422684,-2.8449335,-3.102588,-7.479753,-7.720146,-4.68955,-5.590467,-1.4702492,-2.1422963,-8.77502,-1.7889963,-3.4359787,-5.6650863,-3.0974092,-9.417594,-4.952745,-4.680627,-5.0356402,-3.0191019,-3.0207918,-8.108031,-2.7119787,-5.02141,-5.938035,-7.8028727,-3.0148585,-2.8357048,-5.932023,-2.5281312,-0.8624134,6.5643578,43.918644,54.80584,63.236423,50.35095,67.20048,79.03265,46.75025,80.50989,27.036661,48.522385,-4.642533,28.566856,21.674026,-3.4573815,-0.10959516,-7.416247,-3.4234092,-3.9794033,-3.194593,-4.8432107,-2.9297855,-6.6435595,-2.6793303,-1.8625685,-5.134792,-6.052547,-3.7521253,-7.583268,-8.532577
61,-6.3081555,-3.9899468,-3.6158185,-3.2918642,-7.423557,-1.4761739,-2.5731745,-2.3370006,-4.987993,-4.2986293,-8.629469,-2.6871507,-4.9292417,-5.5784974,-7.6131845,-2.815055,-0.06311839,0.3774584,19.821035,52.934708,14.207846,32.97096,46.428436,46.696125,24.907583,-0.7162662,52.7785,-1.4255458,0.0058353767,66.43911,-3.8495572,-0.38085556,-4.920024,-4.5507793,-4.7373843,-6.0434647,-3.3280199,-3.2876,-2.8175771,-6.397342,-7.3371186,-4.0595946,-5.48317,-1.7924656,-2.9244897,-8.744718,-2.289841,-3.007639,-4.289294,-2.5260692,-7.71205,-2.9997528,-1.3243836,-4.590202,-2.2037323,-1.7613827,-6.4853396,-1.6120485,-4.888335,-5.137329,-5.557012,-3.0160196,-1.360681,-3.929775,-2.7029083,-0.70616126,25.490381,46.450054,66.223976,42.753693,35.7029,49.915672,88.34071,47.526634,60.34835,42.477688,49.323395,-3.7748997,41.585682,31.571934,-4.0508833,17.084742,-7.301033,-2.498017,-3.1308622,-2.2536647,-5.4255953,-2.6166656,-8.408839,-2.281565,-1.8189474,-4.4027495,-5.225208,-4.7470336,-7.2409363,-9.596155
62,-7.0235276,-4.470733,-4.1845236,-3.9087932,-8.270033,-1.6175861,-2.6816587,-2.0091054,-5.405601,-4.753033,-9.52784,-2.7262237,-4.6696277,-6.318923,-8.36142,-3.020428,5.8087783,5.922596,33.75815,48.72637,17.66369,33.58483,53.922337,56.288292,31.987593,-0.32103002,56.93367,-1.7362798,-0.08342424,78.638405,-4.0185623,-0.3526784,-5.4359026,-5.433976,-4.9143214,-6.6760783,-3.7200215,-3.8393693,-3.283676,-6.664543,-7.8192797,-4.2677646,-5.791964,-1.9763435,-3.5333314,-9.527134,-2.399895,-3.2274086,-4.504395,-2.4024339,-7.86644,-2.868809,-0.5368312,-5.2876124,-2.1579044,-1.4179567,-6.4700274,-1.4412439,-5.0195174,-5.494371,-5.6839404,-3.244764,-1.018213,-3.6077747,-2.7854803,-0.85812396,31.20899,45.923996,79.36287,45.47906,40.217785,51.629673,101.637665,51.03504,62.525314,55.795734,56.227875,-3.6642964,51.382347,34.369453,-4.4498496,28.224392,-7.582517,-2.4595735,-3.2416055,-1.9538561,-5.860246,-2.8568857,-9.529872,-2.1477504,-1.8725367,-4.414346,-5.216066,-5.5449886,-7.674978,-10.972949
63,-6.526024,-4.2607136,-4.0903263,-3.7934263,-7.419698,-1.3817265,-2.1829321,-1.5631064,-4.525136,-4.0141435,-8.33525,-2.2240949,-3.710107,-5.732945,-7.2706504,-2.8968337,12.639353,10.644806,43.88267,41.87427,16.011213,27.225983,46.98058,53.289387,32.245018,3.0973458,47.510426,-1.5923963,-0.053903252,72.93839,-3.4565167,-0.12387132,-4.6635156,-5.265137,-4.075099,-6.0036826,-3.51438,-3.4984472,-3.1983266,-5.6909595,-6.954634,-3.8659408,-5.0055604,-1.7400894,-3.2335567,-8.169417,-1.9524196,-2.6572773,-3.9736943,-1.8497683,-6.393524,-1.9482034,5.5332937,-4.758197,-1.8303423,-0.64324373,-5.1939187,-1.0655231,-4.101745,-4.7419534,-4.687851,-2.787128,-0.88798803,-2.8430707,-2.3350105,-0.7992337,30.347744,35.845623,68.83142,38.06089,36.084995,42.839397,89.79246,38.73459,45.706852,57.487858,48.71857,-2.8239834,47.854893,29.435806,-3.9972794,31.825096,-6.407921,-1.9643624,-2.7246478,-1.1399276,-5.147087,-2.3393486,-8.778962,-1.8778826,-1.6180792,-3.4147332,-4.295709,-4.9200797,-6.483556,-9.827189
64,-5.9484243,-3.7871804,-3.626971,-3.5104396,-6.8538566,-1.3606642,-2.0000498,-1.4939836,-4.1559157,-3.6365044,-7.7531276,-2.048628,-3.4308662,-5.417669,-6.6360955,-2.729102,10.750967,7.684923,43.60273,38.312946,16.01248,25.06241,42.202213,49.295166,28.470816,2.9661393,44.980385,-1.3754368,-0.14216468,66.81931,-3.12463,-0.055267997,-4.290371,-4.7589583,-3.9379284,-5.4871693,-3.0287113,-3.1957653,-3.0029714,-5.1988482,-6.4038987,-3.5023534,-4.5536947,-1.6356751,-3.0162256,-7.4988976,-1.669225,-2.4005249,-3.7638485,-1.7405394,-5.908506,-1.6774187,1.8514472,-4.2261004,-1.7319216,-0.5763229,-4.869203,-0.97681296,-3.6660213,-4.405605,-4.3429313,-2.4935715,-0.72635907,-2.746571,-2.1302087,-0.79968077,28.112478,30.498795,64.9089,34.95999,31.852037,41.84916,81.60802,35.35131,40.8784,53.136314,44.404568,-2.6241376,42.71756,26.609444,-3.5262551,29.405846,-5.82445,-1.7220939,-2.545759,-1.0117364,-4.755735,-2.1578345,-8.037971,-1.8563172,-1.38907,-3.1012046,-3.9353535,-4.4556627,-6.0104604,-8.993528
65,-5.2625837,-2.9059741,-2.7349699,-1.8166555,-5.3927684,-1.3019689,-2.158885,-2.438628,-4.0966535,-3.148974,-6.8333917,-2.2611156,-5.536914,-3.4632626,-6.156021,-2.561776,-0.9695401,-0.77054787,-0.18571472,59.414936,6.2561536,32.0868,42.206745,22.921766,15.976811,-1.536106,48.32774,-0.8348535,5.739249,33.420193,-3.25751,-0.2106761,-3.454147,-2.4615858,-4.5180297,-4.4050536,-2.892304,-2.4185536,-2.5868175,-6.041328,-6.371468,-3.7846181,-4.581157,-1.2934455,-1.8541815,-7.145532,-1.5896392,-2.7524927,-4.4232464,-2.5115957,-7.6766458,-3.7938123,-3.4379869,-3.9516225,-2.4440258,-2.3285043,-6.485135,-2.1077917,-4.1921415,-4.7414975,-6.108445,-2.4051473,-2.2347353,-4.697126,-2.2219825,-0.65005386,9.352395,38.174545,45.19047,48.98408,38.473026,52.291733,69.27188,38.98756,62.615677,25.732157,41.525215,-3.6644447,23.852787,17.6007,-3.0560238,-0.016149178,-6.041707,-2.7944765,-3.2219694,-2.4856515,-4.115956,-2.323201,-5.835153,-2.1462185,-1.5343493,-4.091544,-5.039431,-3.158142,-6.2456546,-7.2556834
66,-7.1490207,-4.378844,-4.148514,-3.7948163,-8.230074,-1.6163317,-2.7564423,-2.2464597,-5.4547386,-4.713807,-9.60499,-2.7819898,-4.9772935,-6.271841,-8.406783,-3.0842426,2.3106856,3.017206,27.879656,52.830498,16.86624,34.166283,52.950745,53.227547,28.9035,-0.57426566,58.10783,-1.5598227,-0.11325766,75.91675,-4.129353,-0.36571142,-5.380204,-5.2602077,-5.0544257,-6.6232896,-3.6864908,-3.8211617,-3.1433232,-6.697824,-7.9282756,-4.304024,-5.9068823,-2.0360074,-3.4282024,-9.564509,-2.3640125,-3.2383957,-4.737581,-2.609572,-8.10753,-3.0282693,-1.045894,-5.1187644,-2.2404704,-1.5910347,-6.847463,-1.5984796,-5.167979,-5.53907,-5.87011,-3.2635205,-1.1825296,-3.9345372,-2.8629797,-0.97355014,28.718151,47.641903,77.02763,44.98504,38.82888,52.76213,98.5149,52.467426,63.180042,51.33765,55.308437,-3.8170567,48.128723,33.643684,-4.494331,23.61905,-7.7685466,-2.479387,-3.3186517,-2.182993,-5.9194784,-2.8643997,-9.434089,-2.26605,-1.8727458,-4.611654,-5.5678325,-5.3554945,-7.8558106,-10.796622
67,-5.8894973,-3.0682392,-3.4580338,-1.000937,-5.0681453,-1.5195694,-3.4350483,-3.0627766,-5.064785,-2.288894,-7.2336473,-2.3160527,-8.560252,-2.832187,-7.435473,-3.6405258,-1.3006611,-2.7189682,-1.0704855,82.52583,-0.98922557,47.645977,58.967175,8.739003,17.933683,-2.2240226,55.181175,-0.5905525,23.483835,5.0931554,-4.3001575,4.606621,-3.6152756,-1.031597,-5.985488,-3.8644109,-4.3386264,-1.887873,-3.314505,-8.584613,-7.462537,-4.7554946,-4.9346027,-0.78424245,-1.8614321,-8.909305,-1.2627925,-2.995998,-6.9204392,-3.2220895,-10.543098,-6.3290243,-8.007916,-5.499932,-4.2212734,-3.857338,-9.767345,-3.0696537,-4.900934,-5.8599777,-9.185538,-3.011317,-3.9803593,-6.9560733,-2.0410047,-0.0075309225,-0.111857526,30.185339,61.179703,78.549095,66.25823,78.97649,67.849075,46.87947,81.786194,11.673689,38.00957,-5.4133873,18.460728,24.53318,-2.3700798,-1.020724,-7.264261,-3.8465698,-4.592792,-3.470538,-3.7642467,-2.613746,-5.327995,-2.842749,-2.51059,-5.6439757,-6.825471,-2.4379041,-7.220943,-7.5507646
68,-6.1277103,-3.403846,-3.1895702,-2.1572874,-6.3722157,-1.6156224,-2.684442,-2.8393831,-4.877497,-3.5956228,-8.030192,-2.7457187,-6.647783,-4.092903,-7.4879203,-2.8530176,-0.9611083,-0.93652165,-0.42537966,68.511604,5.428744,40.317093,49.929234,27.953613,18.084787,-1.8127518,57.12484,-1.1379558,8.324706,39.472675,-3.857371,-0.2274456,-4.104662,-2.895166,-5.543131,-5.2779374,-3.5436203,-2.7788258,-2.9276943,-7.175988,-7.5508957,-4.5825768,-5.539056,-1.5373516,-2.222388,-8.552552,-1.957497,-3.2817528,-5.215732,-2.9405217,-9.162816,-4.635905,-4.0637074,-4.8587704,-2.8503942,-2.8883917,-7.706878,-2.5038993,-5.0653872,-5.8208337,-7.312877,-2.9991345,-2.60631,-5.5101852,-2.5235274,-0.7787303,9.957624,44.466812,54.247185,58.90379,45.815536,64.08818,81.687744,45.88923,78.81384,27.64335,49.264687,-4.409405,31.462227,23.007687,-3.5798302,-0.06587899,-7.2921906,-3.325916,-3.7756455,-3.1227703,-4.8150897,-2.879382,-6.7473283,-2.5468888,-1.8196396,-4.9845004,-5.827071,-3.9332905,-7.4234276,-8.547637
69,-6.399684,-4.123825,-3.9421728,-3.6814392,-7.4965143,-1.4368315,-2.307216,-1.9090531,-4.5900025,-4.1219864,-8.475786,-2.3563685,-4.032868,-5.6970325,-7.3940063,-2.904264,8.784578,6.7930365,38.314423,44.61132,15.320761,28.47022,45.634697,50.168,28.483932,-0.15773161,51.83556,-1.4752177,0.04837688,71.610435,-3.5585968,-0.20629025,-4.6275315,-5.016933,-4.434647,-6.025269,-3.2670426,-3.456817,-3.1092389,-5.8404865,-7.1779094,-3.965782,-5.190973,-1.7572422,-3.1037364,-8.387051,-1.9121602,-2.758544,-4.1741977,-2.1527395,-6.707948,-2.1048899,-0.3162388,-4.653883,-1.9563376,-0.991023,-5.7109494,-1.2088886,-4.3457117,-4.8399954,-5.0124145,-2.7695806,-1.0447487,-3.280029,-2.4181507,-0.74193436,29.495958,38.001152,68.10833,37.88038,35.950706,45.857536,86.66914,40.682446,50.250126,53.91614,49.108772,-3.172955,44.308773,30.181612,-4.0145698,26.847311,-6.6384273,-2.0943303,-2.8437479,-1.4181056,-5.2480674,-2.399274,-8.566005,-1.9898348,-1.6939703,-3.7435005,-4.6509624,-4.7301936,-6.7302866,-9.651724
70,-5.4712896,-3.1124835,-3.043763,-2.2908678,-5.889738,-1.2181481,-2.2650375,-2.4199378,-4.212034,-3.4221675,-7.2010446,-2.2945752,-5.12301,-4.0609126,-6.444439,-2.6209157,-0.5967728,-0.37352163,5.488838,54.75698,9.347296,31.545326,39.48305,31.610277,20.367554,-1.3791262,49.509327,-0.85537255,5.548623,45.404232,-3.213211,-0.19908552,-3.6971662,-3.0709715,-4.4633346,-4.822321,-2.8123536,-2.6732996,-2.5468862,-5.973417,-6.6207767,-3.8736532,-4.7602553,-1.3502861,-2.1037083,-7.403276,-1.5579523,-2.852413,-4.3624835,-2.3451884,-7.262471,-3.1706276,-2.5924933,-3.9822376,-2.237621,-1.9616575,-6.2693634,-1.8448986,-4.2228484,-4.6846313,-5.8452787,-2.418298,-1.8792002,-4.372132,-2.3372622,-0.58645606,14.292922,39.081505,48.6661,45.427578,37.377335,47.406944,72.28734,40.708103,59.898445,31.423681,41.69123,-3.6363246,27.864632,23.613094,-3.3695908,4.7884116,-6.2161155,-2.5797336,-3.0301077,-2.2834113,-4.485005,-2.2339761,-6.539943,-2.1583796,-1.5816225,-4.098556,-4.9913936,-3.4173398,-6.3906455,-7.768205
71,-5.7150054,-3.0346391,-3.3659458,-1.0709078,-4.923605,-1.4678019,-3.2854664,-2.9735482,-4.8722887,-2.0863419,-6.9543543,-2.275022,-8.278491,-2.7081401,-7.3755198,-3.445266,-1.156614,-2.607415,-1.0918196,79.31474,-1.0382669,44.897774,56.80423,8.580838,16.213758,-2.1519048,52.75739,-0.6560399,24.993013,6.487765,-4.2085795,4.669449,-3.425907,-1.055228,-5.836764,-3.796768,-4.234838,-1.8689117,-3.1132863,-8.228641,-7.23836,-4.6166234,-4.8691025,-0.8129849,-1.7488993,-8.587636,-1.1868562,-2.9728796,-6.73267,-3.113737,-10.07326,-6.1150413,-7.6186457,-5.4350605,-4.0433393,-3.6739204,-9.527547,-3.0006754,-4.7252555,-5.716699,-8.882321,-2.9859204,-3.8374631,-6.625806,-1.9691372,-0.055222172,-0.15220791,28.750523,56.72791,73.30929,63.123566,73.63832,64.40909,45.32178,79.56429,9.852068,37.3655,-5.210568,17.95845,22.73616,-2.2679398,-1.0008993,-7.04059,-3.706715,-4.381241,-3.381226,-3.5269592,-2.5732942,-5.0714936,-2.7197075,-2.4275265,-5.43928,-6.5222216,-2.3875883,-6.9053345,-7.3020577
72,-5.847484,-3.123337,-3.192005,-1.3786834,-5.333675,-1.6225945,-3.002832,-2.9938304,-4.901447,-2.599364,-7.1007333,-2.4327722,-7.6618648,-3.1676617,-7.146135,-3.0774548,-1.2075884,-1.9962143,-1.0672498,75.651985,-0.61282665,44.935722,54.161255,11.39338,14.194275,-2.132936,55.389614,-0.6588201,20.770777,13.6285095,-4.0468774,0.6966402,-3.4687965,-1.5527428,-5.677283,-4.167768,-3.7995782,-2.0545506,-3.1827147,-7.8148646,-7.292446,-4.6784472,-5.1272717,-1.1041443,-1.8907051,-8.520074,-1.4210951,-3.0582063,-6.127307,-2.9617026,-9.730489,-5.742169,-6.4285846,-5.2884707,-3.6473126,-3.4503028,-8.778183,-2.8915484,-4.8187804,-5.8453364,-8.290511,-2.9601133,-3.409261,-6.4286523,-2.1400716,-0.45240322,-0.06905424,33.724274,54.930202,69.80697,57.56266,74.09148,66.84898,44.557163,78.08652,15.596079,41.195755,-4.934419,22.761486,22.064444,-2.6728604,-0.6838639,-7.0319,-3.539713,-4.2103486,-3.3574426,-4.0069404,-2.6980858,-5.429979,-2.6367967,-2.1009815,-5.344681,-6.139167,-2.95833,-7.070082,-7.530172
73,-5.6978755,-2.9884667,-3.274171,-0.9993119,-4.8885975,-1.5197276,-3.2365913,-2.9622617,-4.826098,-2.120322,-6.9320626,-2.2160184,-8.2239275,-2.6647875,-7.336213,-3.4136162,-1.1832252,-2.5955226,-1.0527557,78.82558,-1.007064,44.215054,56.85561,7.8075376,15.912278,-2.127516,52.88596,-0.6364494,24.183973,5.0714116,-4.163262,3.4425852,-3.3940945,-1.0763626,-5.7882366,-3.792258,-4.097,-1.8771876,-3.1347432,-8.113614,-7.187261,-4.5483065,-4.808126,-0.8325283,-1.7598237,-8.569873,-1.1845834,-2.975253,-6.670612,-3.1233926,-10.126342,-6.0886035,-7.615852,-5.357738,-4.0236716,-3.721763,-9.479027,-2.9874256,-4.7287755,-5.6683326,-8.855831,-2.9959607,-3.8286862,-6.6324043,-1.924899,-0.113326885,-0.120139755,28.614082,57.353157,73.44015,62.984,73.995476,63.89225,45.755108,78.671295,10.064894,37.488953,-5.234855,17.871716,22.628407,-2.1878612,-1.0091456,-6.996685,-3.6461036,-4.409141,-3.3267155,-3.4961636,-2.5378697,-5.0177164,-2.6630416,-2.3964982,-5.4292674,-6.4847436,-2.3620632,-6.884262,-7.225097
74,-6.8717875,-3.725329,-3.536963,-1.87353,-6.632946,-1.9918871,-3.1934383,-3.4059021,-5.5323124,-3.6713586,-8.644508,-2.8823347,-8.116824,-4.1039653,-8.2380705,-3.4330628,-1.3561286,-1.6944939,-0.8364568,84.04029,-0.11746358,48.39728,59.1557,19.912155,17.740198,-2.3139353,65.9965,-0.9500105,14.777389,29.216288,-4.350106,-0.19579391,-4.2168894,-2.521741,-6.3070283,-5.3724227,-4.108627,-2.7999613,-3.5640416,-8.349082,-8.425258,-5.2437944,-6.0780935,-1.5244617,-2.2650144,-9.651443,-1.8835667,-3.6254182,-6.438269,-3.3929436,-10.835622,-5.9151144,-6.045495,-5.644836,-3.7027853,-3.6540794,-9.347232,-3.1528065,-5.5591955,-6.566118,-8.923619,-3.2821655,-3.5835552,-6.9257584,-2.6494932,-0.8323447,4.38137,46.17293,61.1251,73.58249,59.61911,78.52433,83.99777,50.965515,87.787254,26.072424,51.279106,-5.335359,27.86573,22.405706,-3.4861062,-0.4001803,-8.214707,-3.9030888,-4.5645914,-3.607311,-5.044814,-3.1949522,-6.813745,-2.9398959,-2.209999,-5.821027,-6.836803,-3.9096246,-8.242496,-9.035501
75,-6.846083,-3.8509138,-3.6326654,-2.8375254,-7.351911,-1.6807406,-2.727186,-2.68935,-5.2706943,-4.1600385,-9.057081,-2.8756359,-6.1366262,-5.2109637,-8.174798,-2.9921281,-0.62195677,-0.40673915,5.7225285,64.84233,10.837538,38.214317,51.125835,42.40523,24.60267,-1.432566,56.679012,-1.2313247,1.305251,57.247017,-3.954357,-0.3133118,-4.7757797,-4.025517,-5.3445373,-6.0325828,-3.6256618,-3.294693,-2.8792818,-7.0389915,-7.78304,-4.6359587,-5.807108,-1.7983929,-2.8560636,-9.109897,-2.2733133,-3.4343438,-5.0397773,-2.8548894,-9.095956,-3.9566472,-2.6730158,-4.907635,-2.5836606,-2.5074737,-7.401539,-2.3031538,-5.3019085,-5.815738,-6.7421236,-3.179212,-1.9841505,-4.914994,-2.833426,-0.88141865,19.706995,51.112965,64.679184,52.30844,41.352913,57.063267,93.07964,51.20166,72.34196,37.47884,52.193653,-4.338304,37.99483,28.012482,-4.137805,8.51867,-7.8469844,-3.100826,-3.6335747,-2.884972,-5.3551936,-2.8939257,-8.319695,-2.4230218,-1.8017638,-5.042263,-5.948547,-4.6449533,-7.7531786,-9.741878
76,-5.295736,-2.6905496,-3.110436,-0.8618895,-4.508955,-1.3256942,-3.0430095,-2.754902,-4.735789,-1.8846081,-6.435682,-1.9341398,-7.959358,-2.3539274,-6.9646845,-3.5070443,-1.2703221,-2.7071664,-1.0577832,70.84904,-1.1607722,41.371185,54.334854,3.7409844,14.1985235,-2.08942,48.315735,-0.5783695,23.335035,-0.018216787,-4.0884976,7.1144753,-3.0847566,-0.6630628,-5.6059136,-3.2828882,-3.9260037,-1.6781381,-3.0206895,-7.8784547,-6.4829903,-4.25407,-4.259802,-0.72305644,-1.564297,-8.125529,-1.069559,-2.777101,-6.2394056,-3.0101678,-9.71222,-5.835874,-7.8000846,-5.265103,-3.9869564,-3.7065167,-9.305739,-2.8131275,-4.4085517,-5.285648,-8.546074,-2.7545056,-3.754359,-6.2148633,-1.7380024,4.3972235,-0.1099857,25.906593,53.675842,67.410194,61.357544,72.391426,58.45934,43.907467,74.52812,9.635359,35.593193,-5.1043324,13.084668,20.462866,-1.8419377,-1.1156892,-6.3465476,-3.648377,-4.1692147,-3.0353148,-3.1935983,-2.1934896,-4.6647177,-2.543848,-2.365598,-5.042581,-6.2843013,-1.9121382,-6.1732097,-6.6242204
77,-7.6276164,-4.7673626,-4.3744893,-4.0090995,-8.843527,-1.7160183,-3.1069648,-2.632868,-5.961489,-5.1850595,-10.368381,-3.1535728,-5.6431565,-6.6527796,-9.086371,-3.270918,0.7745395,2.2588718,24.967245,58.770256,17.486223,38.723366,57.42987,57.78397,30.056042,-0.77586514,62.85066,-1.7267389,0.039084278,80.56176,-4.447099,-0.40538093,-5.930574,-5.583309,-5.52319,-7.2007937,-3.939951,-3.9827168,-3.3276818,-7.46093,-8.68817,-4.755009,-6.48513,-2.1877887,-3.6180878,-10.437393,-2.699951,-3.6179085,-5.103082,-2.8616054,-9.0468855,-3.4885736,-1.3197181,-5.467916,-2.461417,-1.9720068,-7.5504985,-1.7774887,-5.812424,-6.047162,-6.4773555,-3.5343034,-1.4964582,-4.4776874,-3.1856713,-0.9225977,30.959444,53.1485,81.14239,50.588253,42.991623,56.85343,106.1173,56.50476,71.57484,53.15074,58.43589,-4.3617897,50.603737,38.53921,-4.859088,23.064594,-8.594488,-2.8502219,-3.6225262,-2.6070013,-6.4373627,-3.140922,-10.099891,-2.5746846,-2.1121829,-5.1856217,-6.127044,-5.8100047,-8.575133,-11.560992
78,-6.2585363,-3.3400562,-3.4856403,-1.4007776,-5.6111655,-1.7344474,-3.1801565,-3.2162926,-5.143885,-2.7105832,-7.5436707,-2.5546296,-8.20098,-3.2994497,-7.6129327,-3.341091,-1.2966683,-2.1951995,-1.1097189,82.684135,-0.6992281,47.54989,57.490383,12.054294,16.25734,-2.2439122,58.57814,-0.64909714,21.496874,14.520891,-4.2913947,0.29720706,-3.6606414,-1.6478901,-6.0128446,-4.4333296,-4.0728083,-2.2130854,-3.360832,-8.323744,-7.7885947,-4.9361053,-5.4479003,-1.1369133,-2.0251813,-9.03885,-1.4638721,-3.2711792,-6.6983767,-3.2211983,-10.341704,-6.1031566,-6.9466662,-5.5658107,-3.8794026,-3.6099885,-9.423362,-3.1412916,-5.0966477,-6.1487346,-8.909465,-3.15742,-3.7180424,-6.9509325,-2.27303,-0.49758202,-0.13329083,35.299225,58.83059,74.480225,62.1447,77.67607,70.24634,47.53926,82.742165,16.959253,43.27123,-5.262525,23.064232,22.55418,-2.7882993,-0.7578233,-7.5056963,-3.7163486,-4.5071754,-3.5652432,-4.203063,-2.8773293,-5.7237296,-2.7874901,-2.2604058,-5.6904883,-6.6140976,-3.046835,-7.5610843,-7.97104
79,-5.1893897,-2.5510743,-3.1039853,-0.64658695,-4.3307185,-1.3558263,-3.21679,-2.671019,-4.612252,-1.7170414,-6.425439,-1.8406591,-8.315761,-1.9771231,-7.093387,-3.7303312,-1.2925681,-2.873856,-0.9337102,70.90439,-1.2730995,41.511192,57.08038,4.232937,14.121152,-2.0156124,45.981674,-0.52601,23.212053,-0.33189562,-4.1279225,8.892078,-3.0978177,-0.5936297,-5.6101832,-3.203491,-4.0270166,-1.6132545,-3.0252986,-7.9861946,-6.506378,-4.2298336,-3.979614,-0.5515728,-1.4252896,-8.170171,-1.0307459,-2.8276017,-6.500206,-2.9475372,-10.044235,-6.1162605,-8.358706,-5.190733,-4.1415563,-3.8663719,-9.670399,-2.7703722,-4.248764,-5.2252016,-8.828504,-2.7851646,-3.9864697,-6.216113,-1.4614393,7.0565863,-0.07386752,22.279072,56.895462,70.46084,62.25452,70.49503,55.644077,43.766037,76.42459,6.363195,33.86365,-5.296981,8.988008,20.517782,-1.523078,-1.2017616,-6.239174,-3.594196,-4.386516,-3.0193627,-3.006335,-2.1615188,-4.509407,-2.505056,-2.5534174,-5.044978,-6.5369363,-1.7415535,-6.1354423,-6.616601
80,-7.086534,-4.593004,-4.316855,-4.2007093,-7.8904166,-1.5376085,-2.2591894,-1.638358,-4.728202,-3.9906723,-8.803976,-2.300135,-3.7194016,-6.400865,-7.841745,-3.0605013,17.983107,13.631862,55.84077,46.93857,19.885351,31.143408,50.044384,60.196453,37.422478,7.308718,50.92314,-1.7086176,-0.060551982,79.49235,-3.434738,1.3613874,-4.90012,-5.788877,-4.3833632,-6.436532,-3.6111991,-3.7930818,-3.6507707,-5.9739413,-7.350751,-4.1054025,-5.2195187,-1.8476708,-3.5034764,-8.600463,-1.9497408,-2.8769495,-4.295738,-1.7866824,-6.666816,-1.7518152,11.912449,-4.9275064,-1.9271067,-0.3664131,-5.4153037,-1.0949769,-4.134732,-5.1173,-4.8395886,-3.0173826,-0.7289807,-2.9102452,-2.4307582,-0.9797163,33.616898,36.936195,74.53571,41.992226,36.3923,47.693165,97.35628,39.501297,44.207977,68.69507,51.027237,-2.9268034,53.324177,32.357742,-4.092672,35.677086,-6.756396,-1.8636669,-2.856197,-0.90073454,-5.411414,-2.415931,-9.535943,-2.0446928,-1.6864798,-3.497244,-4.255467,-5.4319034,-6.781765,-10.707545
